번호,금융기관명,홈페이지,전화번호,E-Mail
139,포티스인베스트먼트 주식회사,,,
138,㈜케이앤티인베스트먼트,,027830900,
137,주식회사 라데팡스인베스트먼트,https://ldinvestment.co.kr,02-773-1541,contact@ldinvestment.co.kr
136,주식회사 엘에이피파트너스,,02-6325-7100,its@lappartners.kr
135,주식회사 블루캐스트인베스트먼트,http://www.bluecastinv.com,055-350-8888,
134,유아이엘인베스트먼트㈜,,,
133,㈜팍스톤인베스트먼트,,02-2135-4547,
132,주식회사 엔엑스브이피,www.nxvp.com,070-8825-3382,
131,주식회사 쏠리드엑스,https://www.solidx.co.kr,,
130,주식회사 더웨이브캐피탈,www.wavecapital.co.kr,02-2135-4540,
129,주식회사 퍼시픽캐피탈,www.pacificcapital.co.kr,02-3453-9130,
128,대전투자금융㈜,,042-936-9765,
127,대아인베스트먼트㈜,,02-783-5990,
126,수성에셋인베스트먼트㈜,,02-6293-2400,
125,호라이즌아이엠㈜,,02-6204-7400,
124,부국캐피탈(주),,02-2168-1303,
123,주식회사 제이케이벤처스,,031-730-5964,
122,(주)스페이스타임인베스트먼트,,02-6013-9008,
121,디에스투자파트너스(주),http://www.dsinvp.com,02-6409-7326,
120,(주)세아기술투자,,02-6970-3152,
119,(주)에스제이지파트너스,,02-3433-6603,
118,㈜엘에프인베스트먼트,,02-3288-1985,
117,㈜케이씨투자파트너스,,02-568-1682,
116,㈜에스비아이캐피탈,www.sbicap.co.kr,02-6958-7055,
115,펜타스톤인베스트먼트㈜,,02-6295-1501,
114,에스앤에스인베스트먼트㈜,,02-6951-1430,
113,㈜리인베스트먼트,,02-2135-1694,
112,㈜브레이브뉴인베스트먼트,,02-3775-4906,
111,㈜바로벤처스,www.baroventures.com,02-2676-8041,
110,인바이츠벤처스㈜,,02-6265-1620,
109,㈜토니인베스트먼트,http://www.tonyinvestment.com,02-6959-9138,
108,㈜리젠트파트너스,www.regentpartners.vc,02-6956-7763,
107,㈜에스더블유인베스트먼트,,02-741-0363,
106,엔에이치벤처투자㈜,http://www.nhvic.com,02-6226-6801,
105,하랑기술투자㈜,http://www.haranginvest.com,02-2038-8652,
104,㈜펄어비스캐피탈,http://www.pacapital.co.kr,02-583-5400,
103,㈜큐더스벤처스,http://www.kudosventures.co.kr,02-6011-7000,
102,한일브이씨㈜,www.hanilvc.com,02-6951-2618,
101,티케이지벤처스㈜,,02-2223-3800,
100,㈜에이티넘벤처스,,02-550-4726,
99,엑스플로인베스트먼트㈜,,02-6953-4260,
98,㈜타임폴리오캐피탈,,02-6265-7310,
97,효성벤처스㈜,www.hyosungventures.net,02-3299-3675,
96,에이에프더블유파트너스㈜,,02-780-2025,
95,㈜제이에스지인베스트먼트,,02-3453-9277,
94,카스피안캐피탈㈜,,02-3452-2333,
93,㈜엔피엑스인베스트먼트,,07051618798,
92,프롤로그벤처스㈜,http://www.prologueventures.co.kr,02-561-9001,
91,㈜에프앤에프파트너스,,02-520-6471,
90,스카이투자파트너스㈜,http://www.skyinvp.com,02-6253-7660,
89,㈜지에스벤처스,www.gsventures.vc,02-2005-8300,
88,서울신기술투자㈜,www.seoulinv.com,02-6956-5653,
87,에볼루션인베스트먼트㈜,www.aevolution.vc,02-3785-3800,
86,케이와이캐피탈㈜,,02-786-7482,
85,주식회사 엘케이투자파트너스,,02-6913-7010,
84,동원기술투자㈜,www.dwinvestment.co.kr,02-589-5200,
83,엠더블유앤컴퍼니㈜,,02-514-0107,
82,㈜아펙스인베스트먼트,,02-782-7763,
81,주식회사 푸른인베스트먼트,,02-6946-9002,
80,㈜로프티록인베스트먼트,,02-2039-3045,
79,㈜브릿지인베스트먼트,www.brdginv.com,02-555-5191,
78,청담인베스트먼트㈜,www.cdinvestment.co.kr,02-6673-8400,
77,㈜시리우스인베스트먼트,www.siriusinv.com,02-522-9335,
76,천보인베스트먼트㈜,www.soleq-investment.com,02-6952-7393,
75,㈜빌랑스인베스트먼트,,070-4736-6660,
74,제이더블유앤컴퍼니㈜,,02-567-3680,
73,티더블유지에프파트너스㈜,,02-508-5181,
72,동국인베스트먼트(주),,02-317-1090,
71,(주)더블캐피탈,,02-3420-8296,
70,피움인베스트먼트㈜,,02-785-0310,
69,피에스인베스트먼트㈜,,02-786-2506,
68,㈜티쓰리벤처스,,02-539-8441,
67,㈜더네이쳐홀딩스인베스트먼트,,070-7777-6507,
66,㈜아이비케이벤처투자,www.ibkvc.kr,02-6248-6279,
65,㈜제이와이피파트너스,,02-6205-9696,
64,㈜에스제이엠인베스트먼트,,02-6958-5560,
63,주식회사원티드랩파트너스,,070-8657-2156,
62,㈜두산인베스트먼트,,0233981610,
61,㈜삼천리인베스트먼트,www.sclinvestment.com,02-6205-2929,
60,㈜엘엑스벤처스,,0269243510,
59,㈜에이피투자금융,,02-6959-9604,
58,㈜뉴메인캐피탈,,02-6952-5883,
57,하나에스앤비인베스트먼트㈜,,02-554-9701,
56,㈜제이스이노베이션파트너스,,02-6942-6780,
55,티그리스인베스트먼트㈜,http://www.tigrisinvestment.com,02-541-4201,
54,㈜솔론인베스트,http://www.xoloninvest.com,02-538-5585,
53,㈜케이클라비스인베스트먼트,,02-6905-6800,
52,㈜케이티인베스트먼트,http://www.ktinvestment.co.kr,02-739-8356,
51,시너지아이비투자㈜,http://synergyib.co.kr,02-586-5984,
50,㈜엔베스터,http://www.nvestor.co.kr,02-2016-5505,
49,코리아오메가투자금융㈜,http://www.koreaomega.co.kr,02-2269-4201,
48,㈜위드윈인베스트먼트,http://www.widwininvest.com,02-780-3215,
47,㈜유비쿼스인베스트먼트,http://www.ubinv.com,070-7770-9935,
46,㈜이앤인베스트먼트,http://www.eninvestment.co.kr,02-501-3714,
45,㈜제니타스인베스트먼트,,02-2261-1382,
44,제이비인베스트먼트㈜,http://www.jbinvest.co.kr,02-3453-2540,
43,한빛인베스트먼트㈜,http://www.hbic.co.kr,02-521-0075,
42,㈜농심캐피탈,http://www.nscap.kr,02-827-1600,
41,큐캐피탈파트너스㈜,,02-538-2411,
40,삼성벤처투자㈜,http://www.samsungventure.co.kr,02-2255-0299,
39,미래에셋캐피탈㈜,http://capital.miraeasset.com,1811-6800,
38,아주아이비투자㈜,http://www.ajuib.co.kr,02-3451-9200,
37,나우아이비캐피탈㈜,http://www.nauib.com,02-565-6234,
36,에이스투자금융㈜,http://www.acefn.co.kr,02-6911-1000,
35,㈜위업기술투자,http://www.vector-investment.com,02-6925-1010,
34,케이디인베스트먼트㈜,,02-6337-4705,
33,레이크우드파트너스㈜,http://www.lakewoodpartners.co.kr,02-3775-2821,
32,브이에스인베스트먼트㈜,http://www.vsinvestment.co.kr,02-6949-1410,
31,㈜유일기술투자,,02-6203-8001,
30,㈜이스트게이트인베스트먼트,http://www.firstegi.co.kr,031-712-1806,
29,코나아이파트너스㈜,http://www.konaipartners.co.kr,070-4164-4344,
28,㈜하나벤처스,http://www.hanaventures.co.kr,02-2006-6000,
27,키움캐피탈㈜,,02-780-1544,
26,㈜얼머스인베스트먼트,http://www.ulmus.co.kr,02-2051-5123,
25,케이기술투자㈜,,02-6337-2478,
24,나이스투자파트너스㈜,http://www.nicefni.co.kr,02-2122-5800,
23,포스코기술투자㈜,,054-279-8486,
22,우리기술투자㈜,http://www.wooricapital.co.kr,02-2008-3100,
21,㈜아이비케이캐피탈,http://www.ibkc.co.kr,1577-1885,
20,동유기술투자㈜,http://www.dtic.co.kr,02-2183-0880,
19,㈜엔코어벤처스,http://www.ncorevc.com,02-558-8493,
18,인탑스인베스트먼트㈜,http://www.intopsinv.com,02-567-2500,
17,프렌드투자파트너스㈜,http://www.friendasset.com,02-780-8700,
16,아르케인베스트먼트㈜,,02-761-7087,
15,㈜에스비파트너스,http://www.sbpartners.co.kr,02-3475-3212,
14,㈜디비기술투자,,032-680-4082,
13,㈜킹고투자파트너스,,02-555-7821,
12,롯데벤처스㈜,http://www.lotteventures.com,02-2051-1530,
11,에스티캐피탈㈜,http://www.stcap.co.kr,02-783-7778,
10,현대투자파트너스㈜,http://www.hyundai-invest.com,02-3782-7784,
9,㈜코너스톤투자파트너스,,02-6177-1414,
8,㈜디에이밸류인베스트먼트,http://www.davalueinvest.co.kr,02-558-7550,
7,㈜와이지인베스트먼트,,02-3140-4670,
6,㈜수앤파이낸셜인베스트먼트,,02-2055-2501,
5,미래에쿼티파트너스㈜,,02-525-7608,
4,제이원캐피탈인베스트㈜,http://www.joneinvest.co.kr,1588-5938,
3,㈜지엠아이벤처,http://www.leadersti.co.kr,02-2051-9640,
2,㈜액시스인베스트먼트,http://www.axisinvestment.co.kr,02-545-0880,
1,㈜옐로우독,http://www.yellowdog.kr,02-2289-1581,
