no,회사명,대표자,전화
1,KDB산업은행,,02-787-0000
2,KIF투자조합,,2015-9106
3,건설근로자공제회,,1666-1122
4,경기도경제과학진흥원,,031-259-6000
5,경남벤처투자,조국형,055-606-0014
6,국민연금 기금운용본부,,063-711-0523
7,그래비티벤처스,"김샛별,정주용",070-4044-3833
8,나우아이비캐피탈,이승원,02-565-6234
9,나이스투자파트너스,유승철,02-2122-5841
10,네오인사이트벤처스,심승규,02-561-2355
11,노보섹인베스트먼트,홍승표,02-545-1235
12,농업정책보험금융원,,02-3775-6700
13,농협은행,,02-2080-8108
14,다성벤처스,김정민,02-6082-0601
15,대경인베스트먼트(주),신재우,02-553-2304
16,대교인베스트먼트,진성태,02-3289-4980
17,대덕벤처파트너스(유),이석훈,042-485-9684
18,대성창업투자(주),김영훈,02-559-2900
19,대웅인베스트먼트,손태경,02-550-8861
20,대전투자금융,송원강,042-936-9766
21,대한무역투자진흥공사,,1600-7119
22,더웰스인베스트먼트(주),"정진호, 강상훈, 서학수",02-552-1203
23,데브시스터즈벤처스,최형규,02-551-7905
24,데일리파트너스,"신승현, 이승호",02-563-0890
25,동문파트너즈,이은재,02-2265-0566
26,동훈인베스트먼트(주),김남연,02-6250-1500
27,디쓰리쥬빌리파트너스,이덕준,02-6239-0110
28,디에스씨인베스트먼트(주),윤건수,02-3453-3190
29,디에이밸류인베스트먼트,장용욱,02-558-7550
30,디티앤인베스트먼트,이승석,02-6219-4000
31,라구나인베스트먼트,"박형준, 박영호",02-6953-3588
32,라이징에스벤처스,장지영,042-477-1101
33,라이트하우스컴바인인베스트,최영찬,02-578-0323
34,라인투자파트너스,서은성,02-3420-8296
35,레드배지퍼시픽,김갑수,02-3452-5980
36,로이투자파트너스(주),박창환,02-563-4050
37,롯데벤처스(주),김승욱,02-2051-1530
38,루스벤처스,최진용,02-2191-7688
39,리인베스트먼트,김용일,02-2135-1694
40,리젠트파트너스,전상윤,02-6956-7762
41,린드먼아시아인베스트먼트(주),김진하,070-7019-4001
42,린벤처스,김영일,0622232270
43,마그나인베스트먼트(주),박기일,02-554-2222
44,마이다스동아인베스트먼트(주),"이희준, 김남기",02-2020-0905
45,마젤란기술투자,서병희,02-6013-0114
46,메디치인베스트먼트,배진환,025611881
47,메이플투자파트너스,윤경순,02-3453-2583
48,무신사파트너스,김채현,070-8287-1624
49,뮤렉스파트너스,"이범석, 강동민,오지성",02-585-1116
50,뮤어우즈벤처스,류정아,02-6204-5846
51,미네타브룩벤처스㈜,"구태훈, 김지철",025537700
52,미래에셋벤처투자(주),김응석,02-6205-2630
53,미시간벤처캐피탈,조일형,02-3445-1310
54,보광인베스트먼트(주),"홍석준, 박진범",02-558-2092
55,본엔젤스벤처파트너스,"강석흔, 송인애",02-564-5770
56,브리즈인베스트먼트,박제무,02-568-4909
57,(주)블루캐스트인베스트먼트,임태희,02-711-8886
58,비엔에이치인베스트먼트,김명환,02-552-9769
59,비엔케이벤처투자(주),정성재,02-508-8187
60,비전벤처스,오정준,02-2039-3901
61,비티비벤처스,진태준,02-6951-1423
62,빅무브벤처스,최형섭,01054750001
63,빗썸인베스트먼트,김재환,02-2138-8650
64,사립학교교직원연금공단,,1588-4110
65,삼성벤처투자,,02-2255-0299
66,삼성자산운용 산재기금,,02-3774-7600
67,삼성증권,박종문,Samsung123!
68,삼익매츠벤처스,진건,053-744-3033
69,삼호그린인베스트먼트(주),조수봉,02-3453-5500
70,새한창업투자,박연채,02 - 546 - 7317
71,서울산업진흥원,,1577-7119
72,서울투자파트너스(주),최흥순,02-566-2690
73,세마인베스트먼트(주),강문필,02-3484-7073
74,세아기술투자,김철호,02-6970-3152
75,세이지원파트너스(주),정재선,010-5185-9094
76,센트럴투자파트너스,백승재,02-3446-6102
77,솔리더스인베스트먼트,김정현,02-569-0300
78,송현인베스트먼트,오정헌,02-2138-1510
79,스마일게이트인베스트먼트(주),백인수,02-2192-5000
80,스마트스터디벤처스,이현송,02-586-0073
81,스카이투자파트너스 주식회사,김상학,02-6253-7660
82,스케일업파트너스,이태규,02-551-2090
83,스탤리온파트너스,최영재,02-3775-1104
84,스톤브릿지벤처스(주),유승운,02-6182-4700
85,스트롱벤처스,배기홍,02-000-0000
86,스틱벤처스(주),정보라,02-3404-7899
87,시그나이트,문성욱,02-6981-3939
88,신한벤처투자,박선배,02-560-9700
89,심본투자파트너스(유),권동진,02-3453-0333
90,씨제이인베스트먼트,김도한,02-2017-1414
91,씨케이디창업투자(주),홍승태,02-3453-3331
92,아이디벤처스(주),김은섭,02-556-9300
93,아이비엑스파트너스,안정호,02-6212-9800
94,아이비케이벤처투자,신동운,02-6248-6271
95,아이비케이캐피탈,문창환,02-531-9480
96,아이엠엠인베스트먼트(주),"정일부,변재철",02-2112-1777
97,아이엠투자파트너스,권준희,02-761-8600
98,아이피파트너스,이선호,02-6953-1850
99,아주아이비투자(주),김지원,02-3451-9200
100,안다아시아벤처스,조용준,02-569-6706
101,알바트로스인베스트먼트(주),최정현,070-4924-5090
102,얼머스인베스트먼트,손양철,02-2051-5123
103,에너지인프라자산운용㈜,,02-3775-9500
104,에버그린투자파트너스,홍종국,02-2055-2866
105,에스벤처스,"도승환, 김현철",02-558-7458
106,에스브이인베스트먼트,"박성호, 홍원호",02-3775-1020
107,에스비브이에이,이준표,02-3484-9000
108,에스비아이인베스트먼트(주),안재광,02-2139-9200
109,에스비아이캐피탈,임장빈,02-6958-7055
110,에스앤에스인베스트먼트(주),정시준,02-6951-1430
111,에스엘인베스트먼트,이승헌,02-6241-5400
112,에스엠시노기술투자,장용식,02-6004-5080
113,에스제이투자파트너스,윤강훈,02-512-0707
114,에스지씨파트너스,"이우성,서영현",02-501-7074
115,에이벤처스,조창래,02-6389-7000
116,에이스톤벤처스(유),안신영,025517603
117,에이에프더블유파트너스(주),이선엽,02-780-2025
118,에이치비인베스트먼트(주),황유선,02-3448-5622
119,에이치엘비인베스트먼트,이상훈,02)539-4456
120,에이티넘인베스트먼트,"신기천, 이승용, 맹두진",02-555-0781
121,에코프로파트너스,이재훈,02-6920-6500
122,에트리홀딩스(주),박성용,042-860-0787
123,엑스퀘어드(주),"김병규, 조강희",02-6225-3777
124,엑스플로인베스트먼트(주),박민규,02-6953-4260
125,엔베스터,"김보성, 원동원",02-2016-5500
126,엔브이씨파트너스,김경찬,051-914-0938
127,엔에이치벤처투자(주),김현진,02-6357-6714
128,엘비인베스트먼트,박기호,02-3467-0500
129,엘앤에스벤처캐피탈(주),"주성진, 장동식",02-501-1031
130,오거스트벤처파트너스(유),송승엽,02-585-0809
131,오라클벤처투자,김세현,02-2039-1645
132,오엔벤처투자(주),김상철,02-564-0086
133,오픈워터인베스트먼트,최상우,02-6951-2223
134,우리벤처파트너스,김창규,070-4377-2000
135,우신벤처투자,이현범,02-538-5906
136,우정사업본부,,044-200-8699
137,원익투자파트너스(주),이용성,02-6446-7125
138,웰컴벤처스,오승환,02-6953-7617
139,위벤처스,하태훈,02-565-6671
140,(주)위업기술투자,신소우,02-6925-1010
141,윈베스트벤처투자(주),이택수,02-565-3626
142,유니온투자파트너스(주),"김택균, 이재우",02-594-8470
143,유안타인베스트먼트(주),양기석,02-561-0056
144,유한회사 비전에쿼티파트너스,김상명,02-6951-2917
145,이노폴리스파트너스(유),"이상진, 이기주",02-541-4838
146,이수창업투자,정홍규,02-3482-2010
147,이앤벤처파트너스,"노장수, 문우영",02-569-3456
148,이에스인베스터(주),"정영수, 정재혁",02-3474-8750
149,인라이트벤처스(주),박문수,0533419222
150,인비저닝파트너스,"제현주, 김용현",02-2289-6273
151,인사이트에퀴티파트너스(유),김기식,02-3487-5375
152,인터밸류파트너스(주),김영석,02)564-0494
153,인터베스트,"이태용, 우충희",02-551-7340
154,일신창업투자,고정석,02-767-6400
155,제이비인베스트먼트,이구욱,02-3453-2540
156,제이스이노베이션파트너스,,02-6942-6780
157,(주)제이앤티인베스트먼트,서진원,02-538-2280
158,제이엑스파트너스,구자득,02-569-4661
159,제이와이피파트너스,신민경,02-6205-9696
160,제이원창업투자,김창욱,02-2222-5091
161,주식회사 사제파트너스,박은수,02-6221-0106
162,중소기업은행,,1588-2588
163,중소기업중앙회 노란우산공제,,02-2124-3114
164,지비벤처스,이강복,02-6956-5850
165,지스퀘어인베스트 주식회사,김태현,055-293-0608
166,지앤텍벤처투자(주),"홍충희, 강준규",02-549-8045
167,지앤피인베스트먼트,김세연,02-564-8348
168,지에스벤처스,홍석현,02-2005-8300
169,지엠아이벤처,백상현,02-2051-9640
170,지유투자,양정규,02-561-5274
171,(주)진앤투자파트너스,김주용,031-702-0738
172,카스피안캐피탈,"남동우, 이승현",02-3452-2333
173,카이로스벤처파트너스,윤석중,02-783-0227
174,카카오벤처스,김기준,031-602-1002
175,캐피탈원(주),김지홍,02-595-7450
176,캡스톤파트너스(주),송은강,02-575-1210
177,컴파벤처스,박인우,02-569-2366
178,컴퍼니케이파트너스(주),김학범,02-568-8470
179,케이그라운드벤처스,조남훈,02-3443-4579
180,케이넷투자파트너스(유),김대영,02-3473-7117
181,케이런벤처스,"김진호, 김정현",02-553-9003
182,케이비인베스트먼트(주),윤법렬,02-545-5091
183,케이비증권,강진두,02-6114-1053
184,케이스톤파트너스,유현갑,02-782-9880
185,(주)케이씨벤처스,이정석,02-566-6911
186,(주)케이앤투자파트너스,김철우,02-567-0380
187,케이투인베스트먼트파트너스(유),"김봉수, 김상우",02-566-0526
188,(주)케이티인베스트먼트,김명섭,02-739-8356
189,코나벤처파트너스(유),최화진,02-2016-5600
190,코메스인베스트먼트,"최백용, 김도연",02-558-1996
191,(주)코오롱인베스트먼트,안상준,02-2052-2310
192,쿨리지코너인베스트먼트(주),강신혁,02-2183-2740
193,쿼드벤처스(주),"김정우, 조강헌",02-2052-0610
194,쿼드자산운용,황호성,02-786-1830
195,퀀텀벤처스코리아,김학균,02-6954-1091
196,큐캐피탈파트너스,황희연,02-538-2411
197,크레센도얼터너티브매니지먼트 주식회사,최선규,02-3789-0307
198,크릿벤처스,송재준,02-558-1940
199,클레어보이언트벤처스,"박정원, 이경재",02-568-0601
200,키로스벤처투자,정명,02-508-7798
201,키움인베스트먼트,김대현,02-3430-4800
202,키움증권,엄주성,02-3787-5000
203,타이거자산운용투자일임,김권,070-4015-8878
204,타임웍스인베스트먼트,나종윤,02-6956-8085
205,테스투자파트너스,정재훈,02-561-4693
206,토니인베스트먼트,"윤영민,김상도",02-6959-9138
207,트랜스링크인베스트먼트(주),박희덕,070-4124-3601
208,티더블유지에프파트너스,권남열,02-508-5181
209,티비티,,070-4488-6140
210,(주)티에스인베스트먼트,이동현,02-6250-5700
211,(주)티인베스트먼트,"김태훈,최지수",02-568-8581
212,(주)파트너스인베스트먼트,김재완,02-6248-7600
213,파트너스현,김주식,2-6925-1428
214,(주)패스파인더에이치,이종오,02-739-9041
215,펜처인베스트(주),박진홍,070-4124-9603
216,포레스트벤처스,"한승, 황호연",02-783-3347
217,(주)포뮬라벤처스,김병훈,070-4304-5000
218,포스코기술투자,김근환,02-3457-6300
219,포지티브인베스트먼트,현승철,02-567-8111
220,퓨처플레이,권오형,02-557-1805
221,프로텍벤처스,"한승우, 조경훈",02-2016-6100
222,프롤로그벤처스,김종헌,02-561-9801
223,프리미어파트너스(유),"송혁진, 김성은",02-554-0030
224,플래티넘기술투자(주),이창수,02-6246-3114
225,피앤아이인베스트먼트(주),,02-6925-4591
226,피앤피인베스트먼트,김남정,031-622-3953
227,필로소피아벤처스,여수아,02-6952-1052
228,(주)하나벤처스,양재혁,02-2006-6000
229,한국가치투자,정유일,02-6951-5080
230,한국교직원공제회,,1577-3400
231,한국방송광고진흥공사,,02-731-7114
232,한국벤처투자,이대희,02-2156-2000
233,한국산업기술진흥원,,02-6009-3000
234,한국산업은행,,02-787-6874
235,한국성장금융,,02-2090-9128
236,한국투자증권 고용보험기금,,02-3276-4028
237,한국투자파트너스(주),황만순,02-6001-5300
238,한화투자증권(주),장병호,02-3772-7457
239,해시드벤처스,김서준,070-8866-0193
240,현대기술투자,권토마스오윤(최주열 부사장),02-728-8990
241,현대투자파트너스,김영민,02-3782-7784
242,효성벤처스,김철호,02-3299-3600
