연번,조합명,대표GP,조합결성일, 결성총액(백만원) 
1,스틱일자리창출펀드,스틱벤처스,2004-06-30,33400 
2,LG대중소기업협력펀드10호,엘비인베스트먼트,2004-08-25,25000 
3,에스엘아이5조합,에스엘인베스트먼트,2004-09-16,26904 
4,K&C-경남청년일자리창출투자조합,에스제이벤처인베스트먼트,2004-10-28,20000 
5,한화세컨더리펀드,한화투자증권,2004-12-03,20000 
6,"Global Star Korea Fund, L.P",일신창업투자,2005-02-01,95236 
7,하나-칼더-스톤브릿지 사모조합,스톤브릿지벤처스,2005-02-15,51500 
8,스틱세컨더리펀드(한국모태펀드05-08),스틱벤처스,2005-10-21,119000 
9,2005-KIF일신IT전문투자조합,일신창업투자,2005-10-21,29500 
10,센츄리온영상지식기반서비스업3호투자조합(한국모태펀드05-02),센츄리온기술투자,2005-10-21,25250 
11,mvp창투지식기반서비스투자조합(한국모태펀드05-04),스마일게이트인베스트먼트,2005-10-21,12000 
12,HTIC-네오위즈투자조합(한국모태펀드05-03),원익투자파트너스,2005-10-21,5000 
13,인터베스트바이오전문투자조합(한국모태펀드05-01),인터베스트,2005-10-21,28000 
14,LG쥬피터펀드11호(한국모태펀드 05-06),엘비인베스트먼트,2005-10-25,30000 
15,엠벤처영상지식기반서비스업투자조합(한국모태펀드05-07),에스유앤피,2005-10-25,15000 
16,화이텍뉴웨이브영상및지식기반서비스투자조합1호(한국모태펀드05-05),화이텍인베스트먼트,2005-10-25,10000 
17,프리미어-기술사업화투자조합(KFOF05-09),프리미어파트너스,2005-12-29,50000 
18,동양12호(인천)벤처투자조합(KFOF05-10),유안타인베스트먼트,2005-12-29,10500 
19,바이오토피아벤처조합(KFOF06-02),에이티넘인베스트먼트,2006-02-02,11000 
20,신한제5호 기업구조조정조합,신한캐피탈,2006-02-03,10000 
21,KD-IBKC 기업구조조정조합,케이디파트너스,2006-02-03,10000 
22,한화여성벤처투자조합(KFOF06-03),한화투자증권,2006-02-03,10000 
23,부산전략산업투자조합(KFOF06-04),마이벤처파트너스,2006-02-16,11100 
24,바이넥스트CT투자조합(KFOF06-01),대성창업투자,2006-03-07,17000 
25,아시아퍼시픽벤처투자조합,에스유앤피,2004-12-29,28341 
26,IBKC Start up 투자조합제1호,아이비케이캐피탈,2006-08-16,13000 
27,2006한미기업가정신투자조합,에이티넘인베스트먼트,2006-08-16,22000 
28,K-TAC 제11호(START-UP)투자조합,아주아이비투자,2006-08-23,16000 
29,파트너스3호벤처투자조합,파트너스인베스트먼트,2006-09-06,15000 
30,KB06-1벤처조합,케이비인베스트먼트,2006-09-06,20000 
31,제주튜브벤처투자조합,에이치비인베스트먼트,2006-09-06,5000 
32,한화이노비즈펀드,한화투자증권,2006-09-13,10000 
33,대덕이노폴리스특허기술사업화투자조합,이노폴리스파트너스,2006-09-18,80000 
34,바이넥스트섬유패션제1호펀드,대성창업투자,2006-09-28,10000 
35,스틱투자조합17호,스틱벤처스,2006-10-13,185200 
36,보스톤영상콘텐츠전문투자조합,우리인베스트먼트,2006-12-28,18700 
37,튜브핵심부품소재투자조합,에이치비인베스트먼트,2006-12-28,15000 
38,CJ창투9호영화투자조합,씨제이인베스트먼트,2007-01-16,10000 
39,플래티넘기업혁신펀드,플래티넘기술투자,2007-01-16,10000 
40,HTIC광주전략산업투자조합,원익투자파트너스,2007-01-16,8000 
41,화이텍 BI 1호 투자조합,화이텍인베스트먼트,2007-02-13,10000 
42,NewWave제3호투자조합,신한벤처투자,2007-03-05,20000 
43,아이티성장8호부품소재투자조합,키움인베스트먼트,2007-03-15,20000 
44,린드먼부품소재전문투자조합 1,린드먼아시아인베스트먼트,2007-03-22,13000 
45,KTB콘텐츠전문유동화투자조합제1호,(말소_신기사)케이티비네트워크,2007-03-22,20000 
46,RK07-특허기술사업화펀드,알케이캐피탈,2007-03-28,5000 
47,ISU-문화컨텐츠투자조합,이수창업투자,2007-05-18,25000 
48,KTIC문화콘텐츠전문투자조합2호,에스비아이인베스트먼트,2007-06-25,9000 
49,스톤브릿지공연예술전문투자조합,스톤브릿지벤처스,2007-06-25,10000 
50,미시간글로벌컨텐츠투자조합,미시간벤처캐피탈,2007-06-25,10000 
51,전북전략산업투자조합,마이벤처파트너스,2007-08-13,11000 
52,현대특허기술사업화투자조합1호,현대기술투자,2007-08-28,20000 
53,LG차이나펀드Ⅰ,엘비인베스트먼트,2007-08-29,37000 
54,KD-IBKC 2호 기업구조조정조합,케이디파트너스,2007-08-30,10000 
55,동양1호 기업구조조정조합,유안타인베스트먼트,2007-08-30,30000 
56,바이넥스트특허펀드,대성창업투자,2007-09-10,10000 
57,한중협력투자조합,린드먼아시아인베스트먼트,2007-09-18,31194 
58,튜브-마이더스벤처투자조합,에이치비인베스트먼트,2007-10-15,40000 
59,HTIC특허기술사업화펀드,원익투자파트너스,2007-10-30,18000 
60,에스엠씨아이제1호공연예술전문투자조합,레오파트너스인베스트먼트,2007-10-30,14150 
61,한싱하이테크투자조합Ⅱ,인터베스트,2007-12-10,60000 
62,희망경제투자조합2호,대경인베스트먼트,2007-11-13,20000 
63,에스브이특허기술사업화투자조합,에스브이인베스트먼트,2007-11-20,15000 
64,아이퍼시픽 2007 특허조합,코오롱인베스트먼트,2007-11-20,10000 
65,기업구조조정조합 QCP13호,큐캐피탈파트너스,2007-11-28,30000 
66,동양13호특허기술사업화조합,유안타인베스트먼트,2007-11-28,30000 
67,한국투자특허조합제13호,한국투자파트너스,2007-11-28,35000 
68,스틱투자조합19호,스틱벤처스,2007-12-28,158800 
69,바이넥스트CT2호투자조합,대성창업투자,2008-01-04,7200 
70,스톤브릿지디지탈콘텐츠전문투자조합,스톤브릿지벤처스,2008-01-04,29000 
71,엠차이나펀드1호,에스유앤피,2008-01-11,42500 
72,캡스톤초기전문투자조합,캡스톤파트너스,2008-02-05,35875 
73,보스톤특허기술사업화전문투자조합,우리인베스트먼트,2008-04-01,10000 
74,키움성장9호투자조합,키움인베스트먼트,2008-04-01,10000 
75,충청북도-SBI 생명과 태양펀드 1호,에스비아이인베스트먼트,2008-04-15,25000 
76,컴퍼니케이파트너스콘텐츠전문투자조합,컴퍼니케이파트너스,2008-06-03,10000 
77,에스엘아이7호부품소재전문조합,에스엘인베스트먼트,2008-06-03,10000 
78,ACTI문화콘텐츠전문투자조합1호,에이치큐인베스트먼트,2008-06-13,15000 
79,스마일게이트문화산업투자조합,스마일게이트인베스트먼트,2008-06-13,24000 
80,파트너스4호투자조합,파트너스인베스트먼트,2008-06-26,30000 
81,SSV디지털문화콘텐츠투자조합,윈브릿지캐피탈,2008-07-03,25100 
82,유니온콘텐츠전문투자조합,유니온투자파트너스,2008-07-03,20000 
83,동훈특허기술사업화투자조합,동훈인베스트먼트,2008-08-28,10000 
84,강원바이오메디컬투자조합,(말소_창투사)이앤인베스트먼트,2008-09-22,10000 
85,한화벤처투자조합제4호,한화투자증권,2008-12-15,20000 
86,엠벤처성장지원조합,에스유앤피,2008-12-19,20000 
87,IBKC 이노비즈-부품소재 투자조합 제1호,아이비케이캐피탈,2008-11-20,12000 
88,한국투자 엠앤에이조합 제14호,한국투자파트너스,2008-11-07,30000 
89,튜브 M&A 투자 조합,에이치비인베스트먼트,2008-11-13,40000 
90,한미그로스에쿼티투자조합,에이티넘인베스트먼트,2008-11-21,45000 
91,바이넥스트 CT3호 투자조합,대성창업투자,2008-12-12,16000 
92,케이넷문화콘텐츠전문투자조합,케이넷투자파트너스,2008-11-24,50000 
93,CKD 3호 벤처투자조합,씨케이디창업투자,2009-04-29,7500 
94,New Wave 제4호 투자조합,신한벤처투자,2009-04-22,28000 
95,프리미어-기술사업화2호투자조합,프리미어파트너스,2008-12-30,25000 
96,동양14호초기기업전문투자조합,유안타인베스트먼트,2009-01-09,12000 
97,전남그린에너지펀드,삼호그린인베스트먼트,2009-01-23,7600 
98,희망경제투자조합3호,대경인베스트먼트,2009-02-26,22000 
99,SLi 8호 벤처 M&A 투자조합,에스엘인베스트먼트,2009-04-25,20000 
100,LB 레오펀드 14호,엘비인베스트먼트,2009-04-20,20000 
101,일신M&C투자조합,일신창업투자,2009-01-23,10000 
102,미시간글로벌컨텐츠투자조합2호,미시간벤처캐피탈,2009-03-04,12500 
103,에스비글로벌애니메이션투자조합,에스비브이에이,2009-05-04,10000 
104,보스톤글로벌영상콘텐츠투자조합,우리인베스트먼트,2009-02-13,31400 
105,아주특허기술사업화 투자조합,아주아이비투자,2009-04-20,10000 
106,그린부울경전략산업투자조합1호,메이플투자파트너스,2009-03-24,10000 
107,충청북도-SVVC 생명과 태양 펀드 2호,에스브이인베스트먼트,2009-05-28,25000 
108,CJ창투11호문화콘텐츠투자조합,씨제이인베스트먼트,2009-02-26,10000 
109,인터베스트 신성장투자조합,인터베스트,2009-04-28,100000 
110,키움성장10호투자조합,키움인베스트먼트,2009-03-19,20000 
111,파트너스M&A투자조합,파트너스인베스트먼트,2009-07-10,25000 
112,HTIC-M&A 투자조합,원익투자파트너스,2009-06-05,20000 
113,컴퍼니케이파트너스 글로벌익스팬션 투자조합,컴퍼니케이파트너스,2009-05-07,15000 
114,알바트로스패스파인더투자조합,알바트로스인베스트먼트,2009-03-26,11500 
115,스마일게이트17호초기기업전문투자조합,스마일게이트인베스트먼트,2009-06-26,10000 
116,NewWave 제5호 초기기업 전문투자조합,신한벤처투자,2009-03-30,12000 
117,바이넥스트 창업초기 투자조합,대성창업투자,2009-03-30,10000 
118,아이퍼시픽 2009 초기기업 전문투자조합,코오롱인베스트먼트,2009-03-30,13000 
119,플래티넘START-UP펀드,플래티넘기술투자,2009-06-15,5000 
120,SLi 9호 초기기업 투자조합,에스엘인베스트먼트,2009-03-26,12500 
121,KDBC전략산업투자조합,산은캐피탈,2009-04-15,10000 
122,글로벌소프트웨어기업육성 사모투자전문회사,중소기업은행,2009-08-24,42000 
123,에스엠씨아이문화활성화투자조합,레오파트너스인베스트먼트,2009-10-14,10000 
124,문화산업조합,골드레인인베스트먼트,2009-07-16,27500 
125,ISU-글로벌콘텐츠투자조합,이수창업투자,2009-05-11,21150 
126,스카이레이크 제4호 0901 사모투자전문회사,스카이레이크인베스트먼트,2009-09-21,100000 
127,EN-특허기술사업화투자조합,이앤인베스트먼트,2009-09-21,10000 
128,우리초기투자조합10호,우리기술투자,2009-07-16,10000 
129,보스톤인큐베이션투자조합,우리인베스트먼트,2009-12-08,10000 
130,동훈 초기기업전문 투자조합,동훈인베스트먼트,2009-09-30,10000 
131,스톤브릿지초기기업전문투자조합,스톤브릿지벤처스,2009-09-30,11000 
132,선명 제1호 초기기업전문투자조합,에스엠비투자파트너스,2009-10-09,10000 
133,충남스타기업펀드1호 투자조합,아주아이비투자,2009-11-30,16000 
134,BK동남광역경제권전략산업투자조합제1호,비케이인베스트먼트,2009-08-05,10300 
135,CKD4호 벤처투자조합,씨케이디창업투자,2009-08-25,6000 
136,09-7한국벤처조합 제15호,한국투자파트너스,2009-10-27,70000 
137,아시아퍼시픽벤처투자조합2호,에스유앤피,2009-12-17,40861 
138,이상-신성장동력 투자조합,이상인베스트먼트,2009-09-08,15000 
139,한화신성장동력펀드,한화투자증권,2009-12-21,40000 
140,UQIP 신성장동력 벤처조합 제1호,비엔케이벤처투자,2009-08-25,20000 
141,튜브메가트랜드투자조합,에이치비인베스트먼트,2009-12-17,51000 
142,09-9한미신성장녹색벤처조합,에이티넘인베스트먼트,2009-10-16,40000 
143,일신 녹색 신성장동력 펀드,일신창업투자,2009-08-05,56600 
144,큐브-MEGI 투자조합,큐브벤처파트너스,2009-10-14,30000 
145,티에스윤09-01 M&A 3호투자조합,티에스인베스트먼트,2009-08-05,15000 
146,LB 제미니 신성장펀드 16호,엘비인베스트먼트,2009-12-08,93382 
147,퓨처그로우스앤바이아웃 사모투자전문회사,미래에쿼티파트너스,2009-12-15,20000 
148,큐씨피2호 기업구조개선 사모투자전문회사,큐캐피탈파트너스,2009-09-17,20000 
149,컴퍼니케이파트너스 게임전문 투자조합,컴퍼니케이파트너스,2009-09-10,10000 
150,TW12호글로벌콘텐츠투자조합,씨제이인베스트먼트,2009-11-30,41900 
151,아이큐브투자조합1호,산은캐피탈,2009-12-23,24600 
152,지온콘텐츠펀드1호,지온인베스트먼트,2010-01-19,12000 
153,미시간글로벌컨텐츠투자조합3호,미시간벤처캐피탈,2010-05-07,15000 
154,09-8 LB투자조합15호,엘비인베스트먼트,2009-10-19,30000 
155,에스에이치씨-아이엠엠 신성장펀드,아이엠엠인베스트먼트,2009-10-14,15500 
156,후너스M&A 1호조합,트라이던트앤파트너스,2009-10-13,10500 
157,코에프씨-한투파이오니아챔프2010-1호벤처투자조합,한국투자파트너스,2010-06-30,60000 
158,KoFC-대성 Pioneer Champ2010-2호벤처투자조합,대성창업투자,2010-06-30,40000 
159,KoFC-보광 Pioneer Champ 2010-3호투자조합,보광인베스트먼트,2010-07-05,35000 
160,에스브이M&A1호투자조합,에스브이인베스트먼트,2010-06-30,24920 
161,유티씨한국벤처투자1호조합,유티씨인베스트먼트,2010-07-01,15000 
162,후너스초기투자1호조합,트라이던트앤파트너스,2010-03-25,10000 
163,포스텍초기기업펀드,포스코기술투자,2010-05-19,10000 
164,엘앤에스5호 Early Stage투자조합,엘앤에스벤처캐피탈,2010-05-18,10000 
165,아이엠엠그린테크펀드,아이엠엠인베스트먼트,2010-06-30,10000 
166,유니온글로벌CG투자조합,유니온투자파트너스,2010-06-08,15000 
167,동문미디어콘텐츠&문화기술투자조합,동문파트너즈,2010-08-30,34000 
168,대한민국 드라마 전문투자조합 1호,윈브릿지캐피탈,2010-09-10,18144 
169,ISU-르네상스콘텐츠투자조합,이수창업투자,2011-01-31,15000 
170,미시간방송컨텐츠전문투자조합,미시간벤처캐피탈,2011-01-27,10000 
171,유니온영상전문투자조합,유니온투자파트너스,2011-01-07,15000 
172,KDBC특허사업화투자조합2호,산은캐피탈,2011-01-21,30000 
173,2010 KIF-프리미어 투자조합,프리미어파트너스,2010-09-30,100000 
174,2010 KIF-네오플럭스 IT 전문투자조합,신한벤처투자,2010-08-24,30000 
175,AKGI상생경제투자조합 1호,트루윈창업투자,2010-11-22,15012 
176,BSK 포텐셜 1호 투자조합,비에스케이인베스트먼트,2010-10-20,10000 
177,매그넘창업초기1호투자조합,아이원인베스트,2010-11-05,10000 
178,제이앤티프론티어창업투자조합,제이앤티인베스트먼트,2010-10-21,15000 
179,나우일본테크놀로지 투자펀드1호,나우아이비캐피탈,2010-11-11,30000 
180,컴퍼니케이파트너스 방송정보통신전문투자조합,컴퍼니케이파트너스,2010-12-08,10000 
181,KoFC-KVIC 일자리창출펀드,한국벤처투자,2010-06-21,120000 
182,KoFC-Kiwoom Pioneer Champ 2010-12호투자조합,키움인베스트먼트,2010-07-13,20000 
183,KoFC-IMM Pioneer Champ 2010-17호투자조합,아이엠엠인베스트먼트,2010-08-10,23000 
184,KoFC Neoplux Pioneer Champ 2010-7호투자조합,신한벤처투자,2010-07-09,63000 
185,2010 KIF-캡스톤 IT 전문투자조합,캡스톤파트너스,2010-08-25,50000 
186,AJUIB-Advanced Materials전문투자조합,아주아이비투자,2010-08-03,40000 
187,KoFC LB Pioneer Champ 2010-10호투자조합,엘비인베스트먼트,2010-07-09,33000 
188,KoFC-에이티넘 Pioneer Champ 2010-16호투자조합,에이티넘인베스트먼트,2010-08-31,20000 
189,KoFC-UTC Pioneer Champ 2010-19호투자조합,유티씨인베스트먼트,2010-08-12,20000 
190,한국투자그로스캐피탈펀드제17호,한국투자파트너스,2011-01-19,75000 
191,이노베이션투자조합,우리벤처파트너스,2010-12-20,30000 
192,LB크로스보더펀드Ⅱ,엘비인베스트먼트,2011-01-18,71500 
193,파트너스제2호동반성장투자조합,파트너스인베스트먼트,2011-01-17,30000 
194,서울투자 초기&녹색벤처조합,서울투자파트너스,2011-05-30,16000 
195,우리초기투자조합12호,우리기술투자,2011-07-04,10000 
196,마이벤처초기기업투자조합,마이벤처파트너스,2011-07-18,10000 
197,지앤텍2호벤처투자조합,지앤텍벤처투자,2011-05-13,10000 
198,코오롱2011신성장투자조합,코오롱인베스트먼트,2011-06-08,20000 
199,미래에셋사회적기업투자조합,미래에셋벤처투자,2011-06-22,4200 
200,캐피탈원 중저예산영화전문 투자조합,캐피탈원,2011-06-03,12000 
201,일신 뉴코리안웨이브 투자조합,일신창업투자,2011-06-09,30500 
202,대성 CT 투자조합,대성창업투자,2011-07-18,19500 
203,미시간글로벌컨텐츠투자조합4호,미시간벤처캐피탈,2011-06-17,10000 
204,"MaC Fund, L.P",에스유앤피,2011-07-08,37619 
205,투썬큐엠1호조합,투썬인베스트,2011-11-22,20000 
206,티에스 2011-4 특허기술사업화투자조합,티에스인베스트먼트,2011-11-14,16600 
207,2011 KIF-이노폴리스 IT전문투자조합,이노폴리스파트너스,2011-10-12,30000 
208,유니온글로벌콘텐츠투자조합,유니온투자파트너스,2011-11-28,123640 
209,지온콘텐츠펀드2호,지온인베스트먼트,2011-10-27,14000 
210,보광18호 콘텐츠 투자조합,보광인베스트먼트,2011-11-09,8313 
211,TW14호문화콘텐츠투자조합,씨제이인베스트먼트,2011-11-14,20000 
212,ISU-S&M콘텐츠투자조합,이수창업투자,2011-10-27,10000 
213,한싱하이테크투자조합Ⅲ,인터베스트,2011-12-21,110000 
214,린드먼팬아시아신성장투자조합,린드먼아시아인베스트먼트,2011-10-28,100000 
215,KoFC-KVIC 일자리창출펀드 2호,한국벤처투자,2011-10-12,107000 
216,KoFC 동양 Pioneer Champ 2011-11호투자조합,유안타인베스트먼트,2011-12-13,38000 
217,KoFC-IMM Pioneer Champ 2011-9호 투자조합,아이엠엠인베스트먼트,2011-11-25,50000 
218,KoFC 한화 Pioneer Champ 2011-10호투자조합,한화투자증권,2011-12-13,47500 
219,스틱팬아시아테크놀로지펀드,스틱벤처스,2011-12-20,138500 
220,에스비팬아시아펀드,에스비브이에이,2011-12-16,87500 
221,KoFC-SLi Pioneer Champ 2011-2호투자조합,에스엘인베스트먼트,2011-12-29,50000 
222,컴퍼니케이파트너스M&A투자조합,컴퍼니케이파트너스,2011-12-23,20000 
223,KoFC 튜브 Pioneer Champ 2011-12호투자조합,에이치비인베스트먼트,2011-12-21,55000 
224,에이티넘팬아시아조합,에이티넘인베스트먼트,2011-12-14,105720 
225,한국투자 글로벌프론티어펀드 제20호,한국투자파트너스,2012-01-25,104800 
226,KoFC LB Pioneer Champ 2011-4호투자조합,엘비인베스트먼트,2011-12-28,71600 
227,한국 엔젤투자매칭펀드 1호,한국벤처투자,2011-12-05,10000 
228,MTI창조기업펀드,마젤란기술투자,2012-06-26,10000 
229,BSK-에스엔유 포텐셜2호조합,비에스케이인베스트먼트,2012-07-27,10000 
230,유니1인창조기업투자조합,유니창업투자,2012-07-27,5760 
231,드림제1호KU-DSC그린투자조합,디에스씨인베스트먼트,2012-07-12,10000 
232,캡스톤3호 벤처투자조합,캡스톤파트너스,2012-06-15,36000 
233,CCVC 인큐베이팅 투자조합,쿨리지코너인베스트먼트,2012-07-27,14500 
234,미래에셋사회적기업투자조합2호,미래에셋벤처투자,2012-09-06,4000 
235,AKGI 청년창업육성투자조합1호,트루윈창업투자,2012-07-27,12000 
236,신한 케이투 세컨더리 투자조합,케이투인베스트먼트파트너스,2012-05-24,46500 
237,경남 엔젤투자매칭펀드,한국벤처투자,2012-06-05,5000 
238,지온-SMCI콘텐츠펀드,지온인베스트먼트,2012-08-26,20000 
239,부산 엔젤투자매칭펀드,한국벤처투자,2012-06-21,5000 
240,중소벤처기업 M&A매칭펀드조합,한국벤처투자,2012-06-20,15250 
241,DKI Growing star 1호 투자조합,대교인베스트먼트,2012-10-11,10000 
242,티에스 2012-5 세컨더리 투자조합,티에스인베스트먼트,2012-11-05,30000 
243,캐피탈원 한국영화르네상스 투자조합,캐피탈원,2012-10-11,10000 
244,광주 엔젤투자매칭펀드,한국엔젤투자협회,2012-08-03,5000 
245,강원 엔젤투자매칭펀드,한국벤처투자,2012-10-19,3000 
246,한국 엔젤투자매칭펀드2호,한국벤처투자,2012-08-16,33000 
247,대학 엔젤투자매칭펀드,한국벤처투자,2012-08-16,21000 
248,플래티넘-특허기술사업화펀드,플래티넘기술투자,2013-03-11,10000 
249,융합기술투자조합,대덕인베스트먼트,2013-03-11,11100 
250,KOREA 콘텐츠 제작초기 전문투자조합,씨제이인베스트먼트,2013-01-07,22500 
251,연구개발특구 일자리창출투자펀드,대성창업투자,2012-10-25,125000 
252,CKD5호 Korea Double Time 벤처투자조합,씨케이디창업투자,2013-01-21,7500 
253,키움 고성장 가젤기업펀드,키움인베스트먼트,2012-11-28,60000 
254,KTB-KORUS 펀드,우리벤처파트너스,2012-12-03,8000 
255,대구 엔젤투자매칭펀드,한국벤처투자,2012-11-23,5000 
256,KTB 해외진출 Platform 펀드,우리벤처파트너스,2013-01-29,115000 
257,IBK-대성 문화콘텐츠 강소기업 투자조합,대성창업투자,2013-01-28,20000 
258,DSC드림제3호청년창업투자조합,디에스씨인베스트먼트,2013-08-23,20000 
259,서울투자 청년창업 벤처조합,서울투자파트너스,2013-08-23,10000 
260,보광20호청년창업투자조합,보광인베스트먼트,2013-07-04,15000 
261,SJ-Incuvest 벤처조합 제1호,에스제이투자파트너스,2013-08-13,10000 
262,엘앤에스6호 Early Stage II 투자조합,엘앤에스벤처캐피탈,2013-09-06,15000 
263,SLi Creative Start-up 투자펀드,에스엘인베스트먼트,2013-06-21,15000 
264,BSK 테크스타3호조합,비에스케이인베스트먼트,2013-09-26,20000 
265,메가트렌드 스타트업 1호 투자조합,제이비인베스트먼트,2013-08-28,15000 
266,경기 엔젤투자매칭펀드,한국벤처투자,2013-11-12,5000 
267,송현 성장사다리 제1호 투자조합,송현인베스트먼트,2013-08-19,30000 
268,센트럴애니드림투자조합,센트럴투자파트너스,2013-09-16,21000 
269,KoFC-IMM R&D-Biz Creation 2013-2호 투자조합,아이엠엠인베스트먼트,2013-09-11,53000 
270,대한민국영화전문투자조합1호,윈브릿지캐피탈,2013-09-06,15000 
271,카카오 청년창업펀드,카카오벤처스,2013-07-12,30000 
272,IBK-KTB 문화콘텐츠저작재산권투자조합,우리벤처파트너스,2013-09-06,20000 
273,IBKC-지앤텍세컨더리투자조합,지앤텍벤처투자,2013-07-25,30000 
274,미래에셋 좋은기업 세컨더리 투자조합,미래에셋벤처투자,2013-08-05,18000 
275,티에스 2013-6 M&A 투자조합,티에스인베스트먼트,2013-06-26,16000 
276,한국투자 해외진출 Platform펀드,한국투자파트너스,2013-09-12,80000 
277,스마일게이트청년창업펀드,스마일게이트인베스트먼트,2013-09-12,30000 
278,인터베스트글로벌제약펀드,인터베스트,2013-09-27,100000 
279,해외VC 글로벌 펀드 1호,한국벤처투자,2013-10-04,759955 
280,포스코 사회적기업펀드,포스코기술투자,2013-11-27,6000 
281,키움문화벤처제1호투자조합,키움인베스트먼트,2013-12-16,20000 
282,알바트로스 기술사업화 투자조합,알바트로스인베스트먼트,2014-02-28,17000 
283,아주Life Science 해외진출 Platform 펀드,아주아이비투자,2013-11-29,60000 
284,KoFC-Neoplux R&D-Biz Creation 2013-1호 투자조합,신한벤처투자,2013-09-06,50000 
285,에스엠씨아이문화조합4호,레오파트너스인베스트먼트,2013-12-16,15500 
286,프리미어 Growth-M&A 투자조합,프리미어파트너스,2013-12-27,165500 
287,스마일게이트2013KVF,스마일게이트인베스트먼트,2013-11-27,18100 
288,플래티넘-큰성장펀드,플래티넘기술투자,2014-01-28,25000 
289,아산나눔-모태펀드 청년 엔젤투자매칭펀드,한국벤처투자,2014-01-29,10000 
290,한국 엔젤투자매칭펀드3호,한국벤처투자,2013-11-12,38000 
291,메디치 중소-중견 녹색 성장사다리 창업투자조합,메디치인베스트먼트,2013-09-16,20000 
292,미래창조LB선도기업 투자펀드 20호,엘비인베스트먼트,2014-02-27,115900 
293,미래창조 KB 창업지원 투자조합,케이비인베스트먼트,2013-09-06,40000 
294,2014 에이치비 벤처투자조합,에이치비인베스트먼트,2014-02-27,44000 
295,2014 SV-성장사다리 Gap Coverage 펀드,에스브이인베스트먼트,2014-02-27,77500 
296,한국투자 미래성장 벤처펀드 제22호,한국투자파트너스,2014-02-28,163500 
297,성장사다리비엔에이치스타트업투자조합,비엔에이치인베스트먼트,2014-01-08,21400 
298,에이티넘고성장기업투자조합,에이티넘인베스트먼트,2014-03-12,203000 
299,미래창조 네오플럭스 투자조합,신한벤처투자,2014-03-06,72000 
300,서울투자-HBIC 청년창업 벤처조합,한빛인베스트먼트,2014-02-06,10000 
301,엘앤에스 지디 청년창업 투자조합,엘앤에스벤처캐피탈,2014-02-20,30000 
302,2014 IMM ICT 벤처펀드,아이엠엠인베스트먼트,2014-02-26,33500 
303,캡스톤 4호 성장사다리 투자조합,캡스톤파트너스,2014-03-25,60000 
304,CKD Start-Up 1호 벤처투자조합,씨케이디창업투자,2014-09-04,14500 
305,송현 청년창업 제1호 투자조합,송현인베스트먼트,2014-09-05,24000 
306,MTI창조혁신펀드,마젤란기술투자,2014-10-08,15000 
307,세종 창조성장 청년창업 벤처펀드 1호,로이투자파트너스,2014-09-04,10000 
308,케이투 유동화전문 투자조합,케이투인베스트먼트파트너스,2014-10-15,83000 
309,포스코여성전문투자조합,포스코기술투자,2014-07-31,10000 
310,엘앤에스 7호 동남권 상생 투자조합,엘앤에스벤처캐피탈,2014-11-03,10000 
311,SLi 소재부품 투자펀드 2014-1호,에스엘인베스트먼트,2014-07-16,30000 
312,대교 위풍당당 콘텐츠 코리아 투자조합,대교인베스트먼트,2014-09-12,25000 
313,AG위풍당당콘텐츠코리아펀드 1호,트루윈창업투자,2014-12-09,10500 
314,IBK금융그룹 IP창조 투자조합,아이비케이캐피탈,2014-07-11,30000 
315,컴퍼니케이파트너스 디지털콘텐츠코리아펀드,컴퍼니케이파트너스,2014-09-01,15000 
316,SBI 글로벌 디지털 콘텐츠 ICT 투자조합,에스비아이인베스트먼트,2014-09-23,25300 
317,아주 디지털 콘텐츠 투자조합,아주아이비투자,2014-12-01,26000 
318,한컴 드림하이 청년창업 투자조합,마이다스동아인베스트먼트,2014-08-18,10000 
319,컴퍼니케이 챌린지펀드,컴퍼니케이파트너스,2014-09-04,20000 
320,다음청년창업투자조합,동문파트너즈,2014-07-04,25300 
321,투썬그린포인트미텔슈탄트펀드Ⅰ,투썬인베스트,2014-12-24,40000 
322,나우턴어라운드성장사다리펀드1호 기업재무안정 사모투자전문회사,나우아이비캐피탈,2014-08-13,50000 
323,2014 성장사다리-IMM 벤처펀드,아이엠엠인베스트먼트,2014-08-11,50000 
324,글로벌IP인프라제1호투자조합,유티씨인베스트먼트,2014-08-27,13000 
325,SV 한·중 바이오·헬스케어 펀드,에스브이인베스트먼트,2014-12-24,37400 
326,메디치 2014-1 세컨더리 투자조합,메디치인베스트먼트,2014-09-22,27000 
327,대성 세컨더리 투자조합,대성창업투자,2014-10-23,25000 
328,아주 세컨더리플러스 투자조합,아주아이비투자,2014-10-22,30000 
329,스마일게이트 소재부품 투자펀드 2014-3호,스마일게이트인베스트먼트,2014-11-07,30000 
330,코오롱 소재부품 투자펀드 2014-2호,코오롱인베스트먼트,2014-10-24,43000 
331,스틱 해외진출 플랫폼 펀드,스틱벤처스,2014-12-12,80000 
332,에스비아이 아세안 스프링보드 투자조합,에스비아이인베스트먼트,2014-12-12,60000 
333,IDV U-테크 이노베이션 투자조합,아이디벤처스,2014-10-31,10000 
334,SK-KNET 청년창업투자조합,케이넷투자파트너스,2014-12-16,30000 
335,한국투자 글로벌 제약산업 육성 사모투자전문회사,한국투자파트너스,2015-01-30,135000 
336,CCVC 소셜벤처 투자조합,쿨리지코너인베스트먼트,2015-02-02,4000 
337,큐브 바운스백 투자조합,큐브벤처파트너스,2015-04-17,15000 
338,티에스2015-8 호남충청 투자조합,티에스인베스트먼트,2015-02-11,10000 
339,한국투자 글로벌 콘텐츠 투자조합,한국투자파트너스,2015-05-01,96000 
340,에스엠씨아이6호위풍당당콘텐츠코리아펀드,레오파트너스인베스트먼트,2015-01-02,21800 
341,CCVC DC 창업초기펀드,쿨리지코너인베스트먼트,2015-05-26,10000 
342,애니팡미래콘텐츠 투자조합,스마일게이트인베스트먼트,2014-12-16,30000 
343,티지씨케이콘텐츠투자조합2호,티지씨케이파트너스,2015-04-27,17000 
344,2014 KIF-캡스톤 재도전 IT 투자조합,캡스톤파트너스,2014-12-18,16920 
345,아세안바이오메디컬 투자조합,에스유앤피,2014-12-11,60000 
346,알파글로벌스타펀드,에스비브이에이,2015-03-25,120000 
347,POSCO-IDV 성장사다리 IP펀드,아이디벤처스,2014-12-05,56000 
348,KB 지식재산 투자조합,케이비인베스트먼트,2015-02-10,50000 
349,보스톤 위풍당당콘텐츠코리아 투자조합,로이투자파트너스,2015-01-09,26300 
350,KTB뉴레이크의료글로벌진출사모투자전문회사,뉴레이크얼라이언스매니지먼트,2015-04-29,50005 
351,투썬그린포인트미텔슈탄트펀드Ⅱ,투썬인베스트,2014-12-24,5600 
352,MGI세컨더리투자조합1호,메이플투자파트너스,2015-02-25,14990 
353,한국 엔젤투자매칭펀드 4호,한국벤처투자,2015-01-08,32000 
354,미래창조 SBI ASEAN-M&A 투자조합,에스비아이인베스트먼트,2014-01-17,50000 
355,미래창조 IBKC-솔리더스 바이오세컨더리 투자조합,솔리더스인베스트먼트,2013-12-27,30000 
356,미래창조 SLi Creative Mobile 투자펀드,에스엘인베스트먼트,2013-12-27,10000 
357,미래창조 UQIP투자조합,비엔케이벤처투자,2013-12-19,30000 
358,미래창조 네이버스톤브릿지초기기업 투자조합,스톤브릿지벤처스,2014-01-03,25000 
359,미래창조 알파 스타트업 투자조합,에스비브이에이,2014-01-14,27000 
360,미래창조 다우키움시너지 M&A 세컨더리 투자조합,키움인베스트먼트,2014-01-03,45000 
361,미래창조 코오롱 M&A 투자조합,코오롱인베스트먼트,2013-12-20,40000 
362,미래창조 티에스 M&A7호 투자조합,티에스인베스트먼트,2014-01-29,45300 
363,미래창조 포스코 초기기업펀드,포스코기술투자,2013-12-30,30000 
364,미래창조 지온펀드4호,지온인베스트먼트,2013-12-06,30000 
365,DKI Growing Star 2호 투자조합,대교인베스트먼트,2015-08-24,13000 
366,현대청년펀드 1호,현대기술투자,2015-07-28,20000 
367,마그나3호 Rising Star 펀드,마그나인베스트먼트,2015-07-15,16000 
368,미래에셋 글로벌 투자조합,미래에셋벤처투자,2015-07-10,40000 
369,KVIC-유안타2015해외진출펀드,유안타인베스트먼트,2015-07-30,30000 
370,글로벌성장지원투자조합,에스유앤피,2015-07-23,61000 
371,아주 중소·벤처 해외진출 지원 펀드,아주아이비투자,2015-08-31,50000 
372,스마일게이트화통아진펀드,스마일게이트인베스트먼트,2015-07-29,58000 
373,BK 동남권 서비스 전략산업 투자조합,비케이인베스트먼트,2015-06-30,10000 
374,강원-세종 강소기업육성 상생 투자조합,로이투자파트너스,2015-10-12,14475 
375,서울투자 특허벤처 투자조합,서울투자파트너스,2015-07-06,10000 
376,BSK 4호 특허기술사업화 조합,비에스케이인베스트먼트,2015-10-02,10000 
377,ISU-위풍당당콘텐츠코리아펀드,이수창업투자,2015-07-06,16000 
378,에스엠씨아이7호위풍당당콘텐츠코리아펀드,레오파트너스인베스트먼트,2015-10-07,25300 
379,에스제이-창조관광밸류업벤처조합,에스제이투자파트너스,2015-09-30,22000 
380,보광22호 스포츠-IT융복합 투자조합,보광인베스트먼트,2015-06-18,17000 
381,유티씨스포츠1호펀드,유티씨인베스트먼트,2015-07-14,21500 
382,KT-DSC창조경제청년창업투자조합,디에스씨인베스트먼트,2015-05-27,35000 
383,엘앤에스 신성장동력 Global Star 투자조합,엘앤에스벤처캐피탈,2015-08-21,52500 
384,글로벌ICT융합펀드,디에스씨인베스트먼트,2015-07-20,25000 
385,창조경제바이오펀드,엘비인베스트먼트,2015-06-02,10110 
386,DTNI-KVIC 판교 창조경제 밸리 투자조합,디티앤인베스트먼트,2015-12-03,22780 
387,센트럴융합콘텐츠기술투자조합,센트럴투자파트너스,2015-11-23,40000 
388,린드먼아시아투자조합10호,린드먼아시아인베스트먼트,2015-12-02,75800 
389,IDV IP Value-Creation 투자조합,아이디벤처스,2015-11-13,15000 
390,이에스에스프리디지털콘텐츠창업초기투자조합,이에스인베스터,2015-12-23,16300 
391,2015KIF-인터베스트 IT디지털콘텐츠전문투자조합,인터베스트,2015-12-31,46500 
392,유니온시네마투자조합,유니온투자파트너스,2015-10-06,24000 
393,KOREA융합콘텐츠투자조합,씨제이인베스트먼트,2015-11-24,14500 
394,미시간글로벌콘텐츠투자조합5호,미시간벤처캐피탈,2015-12-22,28000 
395,CCVC 문화-ICT 융합 투자조합,쿨리지코너인베스트먼트,2015-11-24,10000 
396,SV 한·중 문화-ICT융합펀드,에스브이인베스트먼트,2015-11-24,46000 
397,NAVER-BSK 청년창업 5호 투자조합,비에스케이인베스트먼트,2015-08-12,20000 
398,현대기술투자수소펀드,현대기술투자,2015-07-16,16100 
399,한국전력 모펀드,한국벤처투자,2015-08-19,52500 
400,한-영 이노베이션펀드 제1호,키움인베스트먼트,2015-10-08,41000 
401,울산 엔젤투자매칭펀드,한국엔젤투자협회,2015-07-30,5000 
402,KB-솔리더스 글로벌 헬스케어 펀드,케이비인베스트먼트,2016-01-25,150000 
403,넷마블-코나 청년창업투자조합,코나벤처파트너스,2015-09-18,20305 
404,동훈 청년창업펀드,동훈인베스트먼트,2015-10-07,10000 
405,SK-KNET창조경제혁신투자조합,케이넷투자파트너스,2015-12-18,30000 
406,보광23호청년창업투자조합,보광인베스트먼트,2015-10-16,10000 
407,네오플럭스 기술가치평가 투자조합,신한벤처투자,2015-09-24,60000 
408,티에스2015-9 성장전략 M&A 투자조합,티에스인베스트먼트,2015-10-29,95000 
409,코오롱 2015 회수시장활성화 투자조합,코오롱인베스트먼트,2016-01-25,31000 
410,에이치비성장지원엠앤에이투자조합,에이치비인베스트먼트,2015-10-28,61500 
411,충남 엔젤투자매칭펀드,한국엔젤투자협회,2015-10-27,5000 
412,전남 엔젤투자매칭펀드,한국엔젤투자협회,2015-11-20,5000 
413,P&I 문화창조투자조합,피앤아이인베스트먼트,2015-12-08,15000 
414,수림여성창조기업벤처투자조합,아이엠투자파트너스,2015-12-22,14500 
415,유니온미디어앤콘텐츠투자조합,유니온투자파트너스,2015-12-08,10000 
416,카카오 디지털콘텐츠 펀드,카카오벤처스,2016-01-04,37100 
417,KTBN 9호 디지털콘텐츠코리아 투자조합,우리벤처파트너스,2016-03-30,30000 
418,위풍당당콘텐츠코리아-키움문화벤처제2호투자조합,키움인베스트먼트,2016-03-28,15500 
419,키움성장15호세컨더리투자조합,키움인베스트먼트,2016-02-04,40000 
420,마그나4호 빛가람 펀드,마그나인베스트먼트,2015-12-03,13000 
421,CCVC-부산 청년창업펀드,쿨리지코너인베스트먼트,2016-03-04,10000 
422,지앤텍명장세컨더리투자조합,지앤텍벤처투자,2016-02-04,53000 
423,HB 유망서비스산업투자조합,에이치비인베스트먼트,2015-12-22,34000 
424,엔젤 모펀드,한국벤처투자,2015-11-18,73959 
425,코오롱 2015 K-ICT 디지털콘텐츠 투자조합,코오롱인베스트먼트,2016-04-12,20000 
426,스마일게이트H-세컨더리1호조합,스마일게이트인베스트먼트,2016-05-26,75000 
427,LB글로벌익스팬션투자조합,엘비인베스트먼트,2016-02-22,81500 
428,2015 KIF-프리미어 IT 전문투자조합,프리미어파트너스,2016-02-26,40000 
429,이노폴리스 2015 제조-loT 투자조합,이노폴리스파트너스,2015-12-22,31100 
430,대전 엔젤투자매칭펀드,한국벤처투자,2015-12-29,5000 
431,로그 성장기여세컨더리펀드,로그인베스트먼트,2016-04-01,10000 
432,아이디어브릿지파트너스-UTC기술강소기업투자 1호조합,유티씨인베스트먼트,2016-04-25,15000 
433,케이런 1호 스타트업 투자조합,케이런벤처스,2016-03-25,17000 
434,에버그린투자파트너스 1호 펀드,에버그린투자파트너스,2016-03-22,15200 
435,비전에쿼티1호 스타트업 투자조합,비전에쿼티파트너스,2016-03-08,17000 
436,케이앤 세컨더리1호 투자조합,케이앤투자파트너스,2016-04-26,5100 
437,아이비케이씨-제이앤티세컨더리1호투자조합,제이앤티인베스트먼트,2016-01-28,10000 
438,2015 KIF-IBKC/SBI 세컨더리 IT전문투자조합,에스비아이인베스트먼트,2016-02-04,70000 
439,넥시드-보광 엔젤세컨더리2호펀드,보광인베스트먼트,2016-06-21,20000 
440,TGCK 한중문화산업공동발전투자조합,티지씨케이파트너스,2016-05-31,50000 
441,CKD Start-Up 2호 벤처투자조합,씨케이디창업투자,2016-07-04,10000 
442,DTNI-스타트업 창조성장 투자조합,디티앤인베스트먼트,2016-06-21,11500 
443,지밸리-플래티넘청년창업펀드,플래티넘기술투자,2016-08-04,11100 
444,미래에셋 청년창업 투자조합,미래에셋벤처투자,2016-06-01,14000 
445,2015 KIF-캡스톤 K-Global IOT 초기투자조합,캡스톤파트너스,2016-04-25,32850 
446,충청권 스타트업 액셀러레이팅 투자조합,대덕벤처파트너스,2016-05-20,18800 
447,넥시드-어니스트 제1호 투자조합,어니스트벤처스,2016-06-30,18000 
448,캐피탈원 여성창조기업투자조합,캐피탈원,2016-09-13,14500 
449,MTI IP 상용화펀드,마젤란기술투자,2016-09-30,15000 
450,알바트로스 특허가치 창출펀드,알바트로스인베스트먼트,2016-06-21,15000 
451,IDV IP 창조성장 투자조합,아이디벤처스,2016-06-23,15000 
452,IBK-대성 위풍당당 강소콘텐츠 코리아 투자조합,대성창업투자,2016-07-14,15000 
453,가이아문화콘텐츠투자조합,가이아벤처파트너스,2016-09-28,20420 
454,P&I 문화기술 투자조합,피앤아이인베스트먼트,2016-10-17,20100 
455,케이앤 디지털콘텐츠1호 투자조합,케이앤투자파트너스,2016-08-25,10000 
456,유티씨스포츠2호펀드,유티씨인베스트먼트,2016-09-30,17000 
457,컴퍼니케이 문화-ICT 융합펀드,컴퍼니케이파트너스,2016-10-10,40000 
458,한국투자 핵심역량 레버리지 펀드,한국투자파트너스,2016-05-20,100000 
459,미래에셋 좋은기업 세컨더리 투자조합 2호,미래에셋벤처투자,2016-07-13,20000 
460,SGI 성장기업 M&A 투자조합 제1호,삼호그린인베스트먼트,2016-04-19,5000 
461,에이티넘뉴패러다임투자조합,에이티넘인베스트먼트,2016-05-19,100000 
462,4:33 United-코나 청년창업투자조합,코나벤처파트너스,2016-05-19,16000 
463,데브-청년창업 투자조합 2호,데브시스터즈벤처스,2016-06-21,15000 
464,IMM 세컨더리 벤처펀드 제1호,아이엠엠인베스트먼트,2016-05-31,25300 
465,Translink글로벌파트너쉽투자조합,트랜스링크인베스트먼트,2016-06-03,32870 
466,SEMA-인터베스트바이오헬스케어전문투자조합,인터베스트,2016-05-30,51460 
467,BK 5호 동남권 투자조합,비케이인베스트먼트,2016-09-05,10000 
468,전북-효성-에스제이 탄소성장펀드,에스제이투자파트너스,2016-09-13,20000 
469,케이앤 지방상생1호 투자조합,케이앤투자파트너스,2016-12-28,10000 
470,포스코 문화융합콘텐츠펀드,포스코기술투자,2016-09-26,30000 
471,CCVC 시작하는 컨텐츠 펀드,쿨리지코너인베스트먼트,2016-12-29,12000 
472,SBI 디지털콘텐츠 글로벌 익스페디션 투자조합,에스비아이인베스트먼트,2016-12-15,15010 
473,유니온미래브이에프엑스투자조합,유니온투자파트너스,2016-12-28,26000 
474,미시간글로벌콘텐츠투자조합 6호,미시간벤처캐피탈,2016-12-29,24000 
475,AJ창조관광제1호투자조합,NBH캐피탈,2016-11-30,20000 
476,IBKC-메디치 세컨더리 투자조합,메디치인베스트먼트,2016-07-20,35000 
477,SV Gap-Coverage펀드 2호,에스브이인베스트먼트,2016-07-28,68100 
478,KOREA 콘텐츠가치평가투자조합,씨제이인베스트먼트,2016-11-30,20100 
479,해외VC 글로벌 펀드 2호,한국벤처투자,2016-07-15,291876 
480,성장기업 Venture 투자조합 1호,디티앤인베스트먼트,2016-08-18,11315 
481,IBP IP Value 투자조합,비비드인베스트먼트,2016-09-09,45000 
482,스마일게이트2016-2KVF,스마일게이트인베스트먼트,2016-11-23,21300 
483,CKD6호 Brain Leaders 벤처투자조합,씨케이디창업투자,2016-12-15,15000 
484,프리미어 글로벌 이노베이션 1호 투자조합,프리미어파트너스,2017-06-15,75000 
485,IBK금융그룹 IP창조투자조합 제2호,아이비케이캐피탈,2016-10-27,20000 
486,마그나 아시아문화중심도시 육성 펀드,마그나인베스트먼트,2017-02-21,10000 
487,BK 조선업 투자조합,비케이인베스트먼트,2017-05-26,50000 
488,현대-수림 챔피언십 투자조합,현대기술투자,2017-06-28,50000 
489,포스코-KB 조선업 투자조합,케이비인베스트먼트,2017-06-22,40000 
490,알파넥스트미디어이노베이션펀드,에스비브이에이,2016-12-13,197300 
491,KTBN 11호 한중시너지펀드,우리벤처파트너스,2016-12-29,166000 
492,지앤텍3호벤처투자조합,지앤텍벤처투자,2017-02-03,31000 
493,케이큐브 NEO 펀드,카카오벤처스,2017-05-24,20000 
494,알파글로벌챔프펀드,에스비브이에이,2017-03-24,121000 
495,네오플럭스 Market-Frontier 세컨더리펀드,신한벤처투자,2016-12-28,76000 
496,파트너스7호세컨더리투자조합,파트너스인베스트먼트,2017-03-21,50000 
497,코그니티브 유망서비스산업 투자조합,에이지인베스트먼트,2017-03-24,14250 
498,이노폴리스 공공기술기반 펀드,이노폴리스파트너스,2017-04-12,50100 
499,SBI 크로스보더 어드밴티지 펀드,에스비아이인베스트먼트,2017-03-17,81000 
500,케이앤 세컨더리2호 투자조합,케이앤투자파트너스,2016-12-14,3000 
501,플래티넘-유망산업펀드,플래티넘기술투자,2017-03-24,29000 
502,CCVC-광주 청년창업펀드,쿨리지코너인베스트먼트,2017-09-19,10000 
503,세종 글로벌 청년창업 벤처펀드 2호,로이투자파트너스,2017-09-05,10000 
504,에버그린투자파트너스 2호 펀드,에버그린투자파트너스,2017-09-06,20000 
505,패스파인더 청년창업 투자조합,패스파인더에이치,2017-09-04,15000 
506,더웰스인베스트먼트 청년창업투자조합,더웰스인베스트먼트,2017-06-26,10000 
507,비에이피제1호첨단기술투자조합,비에이파트너스,2017-06-09,14000 
508,심본투자파트너스 1호 투자조합,심본투자파트너스,2017-08-25,17500 
509,미래에셋 하이테크 프론티어 투자조합,미래에셋벤처투자,2017-09-19,25000 
510,포스코 고급기술인력 창업펀드,포스코기술투자,2017-09-06,25200 
511,SETI고급기술창업초기투자조합,트랜스링크인베스트먼트,2017-08-01,18700 
512,제이엑스 1호 투자조합,제이엑스파트너스,2017-08-14,12500 
513,코메스 2017-1 스타트업 그린투자조합,코메스인베스트먼트,2017-09-12,14500 
514,인터밸류 고급기술인력창업 1호 투자조합,인터밸류파트너스,2017-07-12,12500 
515,케이런 3호 하이엑스퍼트 투자조합,케이런벤처스,2017-09-06,15000 
516,DTNI-소프트산업육성 투자조합,디티앤인베스트먼트,2017-09-12,15000 
517,경기-네오플럭스 슈퍼맨투자조합,신한벤처투자,2017-09-06,34000 
518,린드먼아시아투자조합12호,린드먼아시아인베스트먼트,2017-09-01,40000 
519,유티씨특허기술사업화투자조합,유티씨인베스트먼트,2017-09-26,15000 
520,BSK 6호 특허기술 투자조합,비에스케이인베스트먼트,2017-10-17,15000 
521,지온 방송·드라마 콘텐츠 펀드,지온인베스트먼트,2017-07-10,12000 
522,HUAYI-IDV 글로벌 콘텐츠 투자조합,아이디벤처스,2017-10-19,42200 
523,유니온슈퍼아이피투자조합,유니온투자파트너스,2017-10-17,15600 
524,이에스3호디지털콘텐츠창업초기투자조합,이에스인베스터,2017-10-17,12000 
525,ISU-S&M콘텐츠투자조합 2호,이수창업투자,2017-07-19,24000 
526,캐피탈원 중저예산영화전문 투자조합 2호,캐피탈원,2017-07-12,24000 
527,보광25호 스포츠융복합s2투자조합,보광인베스트먼트,2017-09-29,12000 
528,2016 KIF-송현M&A·세컨더리 ICT 투자조합,송현인베스트먼트,2017-04-28,30000 
529,시너지 Value Creative 벤처펀드,시너지아이비투자,2017-06-16,3000 
530,SV글로벌 바이오·헬스케어 펀드2호,에스브이인베스트먼트,2017-06-28,53000 
531,IBKC-케이앤 세컨더리1호 투자조합,케이앤투자파트너스,2017-09-29,20000 
532,SLi 퀀텀 성장 펀드,에스엘인베스트먼트,2017-06-22,96000 
533,서울투자 성장산업 벤처조합,서울투자파트너스,2017-07-03,50000 
534,NUC-4 대학창업개인투자조합,전남대학교기술지주회사,2017-10-23,3850 
535,고려대 대학창업 제1호 개인투자조합,고려대학교기술지주,2017-08-18,3000 
536,부산연합 제2호 개인투자조합,부산지역대학연합기술지주,2017-10-30,3000 
537,서울대 STH 제1호 개인투자조합,서울대학교기술지주,2017-08-21,6000 
538,YUTH 대학창업기업 개인투자조합,연세대학교기술지주,2017-08-21,3000 
539,스마일게이트녹색성장1호펀드,스마일게이트인베스트먼트,2017-12-13,42000 
540,지유반도체성장투자조합,지유투자,2017-08-24,27300 
541,한국투자 Industry 4.0 벤처펀드,한국투자파트너스,2017-09-14,71000 
542,쏠레어 영상투자조합 1호,쏠레어파트너스,2017-12-01,7000 
543,에쓰비방송콘텐츠투자조합,에쓰비인베스트먼트,2018-01-24,13300 
544,일신 뉴코리안웨이브 2호 투자조합,일신창업투자,2018-01-08,15100 
545,가이아방송콘텐츠투자조합1호,가이아벤처파트너스,2017-12-13,10320 
546,KB NEW콘텐츠 투자조합,케이비인베스트먼트,2017-11-22,25000 
547,케이비-에스제이 관광벤처조합,에스제이투자파트너스,2018-01-25,27000 
548,케이넷 VALUE-UP 벤처투자조합,케이넷투자파트너스,2018-03-09,50000 
549,신한-수인베스트먼트 청년창업 투자조합,수인베스트먼트캐피탈,2017-12-26,27500 
550,알바트로스넥스트제너레이션펀드,알바트로스인베스트먼트,2018-01-09,29001 
551,HB 청년창업 투자조합,에이치비인베스트먼트,2017-12-29,75000 
552,제이엑스 2호 투자조합,제이엑스파트너스,2017-12-13,12500 
553,신한-코그니티브 청년창업 투자조합,에이지인베스트먼트,2017-12-29,30500 
554,인라이트 1호 청년창업펀드,인라이트벤처스,2017-11-14,16200 
555,현대청년펀드2호,현대기술투자,2017-12-28,60000 
556,데브-넥시드 청년창업 투자조합 3호,데브시스터즈벤처스,2017-12-22,15000 
557,유티씨스테이지컨텐츠펀드,유티씨인베스트먼트,2018-03-09,24500 
558,L&S-SDC 청년창업투자조합,엘앤에스벤처캐피탈,2017-12-27,10000 
559,Translink글로벌파트너쉽청년창업투자조합,트랜스링크인베스트먼트,2017-12-29,35000 
560,미시간글로벌파이어니어투자조합,미시간벤처캐피탈,2018-03-09,25000 
561,스톤브릿지영프론티어투자조합,스톤브릿지벤처스,2017-12-29,42500 
562,DSC드림X청년창업펀드,디에스씨인베스트먼트,2017-12-29,50000 
563,대성 글로벌위너 청년창업 투자조합,대성창업투자,2017-12-27,15000 
564,MGI바이오신성장투자조합 1호,메이플투자파트너스,2018-03-09,12500 
565,미래에셋 청년창업 투자조합 2호,미래에셋벤처투자,2017-12-28,25000 
566,KB 청년창업 3.0 투자조합,케이비인베스트먼트,2017-12-29,30000 
567,레오9호 효성청년창업펀드,레오파트너스인베스트먼트,2017-12-28,15500 
568,이에스4호청년창업투자조합,이에스인베스터,2017-12-29,10100 
569,스틱 4차산업혁명 펀드,스틱벤처스,2017-12-27,108300 
570,에이티넘성장투자조합2018,에이티넘인베스트먼트,2017-12-28,350000 
571,KIF-카카오 우리은행 기술금융투자펀드,카카오벤처스,2017-12-14,76000 
572,신한-네오플럭스 에너지 신산업 투자조합,신한벤처투자,2017-12-22,60000 
573,코오롱 2017 4차 산업혁명 투자조합,코오롱인베스트먼트,2017-12-28,67000 
574,KTBN 13호 벤처투자조합,우리벤처파트너스,2017-12-29,51000 
575,2017KIF-스마일게이트싱귤래리티투자조합,스마일게이트인베스트먼트,2017-12-29,37100 
576,포스코 4차 산업혁명 펀드,포스코기술투자,2017-12-29,21000 
577,LSK 헬스케어 1호펀드,엘에스케이인베스트먼트,2017-12-28,20000 
578,에쓰비4차산업혁명투자조합,에쓰비인베스트먼트,2017-12-06,10000 
579,인터베스트4차산업혁명투자조합,인터베스트,2017-12-29,110000 
580,BSK 7호 E-신산업 투자조합,비에스케이인베스트먼트,2017-11-17,30000 
581,티에스 우리-충남 11호 턴어라운드 투자조합,티에스인베스트먼트,2017-12-07,78000 
582,가이아재기지원투자조합1호,가이아벤처파트너스,2017-12-27,20000 
583,패스파인더 리본 투자조합,패스파인더에이치,2017-12-29,20000 
584,심본2호 리스타트 펀드,심본투자파트너스,2018-01-05,20000 
585,케이클라비스·비하이 리챌린지 투자조합,케이클라비스인베스트먼트,2017-12-28,20000 
586,지온 재기지원 펀드,지온인베스트먼트,2018-01-05,20000 
587,에스제이 뉴챌린지 펀드,에스제이투자파트너스,2017-11-29,37500 
588,2017 마그나 인스타펀드,마그나인베스트먼트,2017-12-28,37500 
589,다산에스비에이재기투자조합,동문파트너즈,2018-02-27,20000 
590,2017 메가RS투자조합,제이비인베스트먼트,2017-12-27,20000 
591,케이앤 JUMP-UP1호 투자조합,케이앤투자파트너스,2017-12-28,37500 
592,케이브릿지2호 동남권 일자리창출 투자조합,케이브릿지인베스트먼트,2018-01-08,10000 
593,대전4차산업혁명투자조합,대덕벤처파트너스,2017-12-21,13000 
594,울산-LH 청년창업투자조합,라이트하우스컴바인인베스트,2017-12-21,12000 
595,시너지 밸류 웨이브 벤처펀드,시너지아이비투자,2018-01-08,18000 
596,충청권 글로벌기술 투자조합,대덕벤처파트너스,2017-12-05,15000 
597,센트럴스포츠투자조합,센트럴투자파트너스,2017-12-19,17000 
598,송현 e-신산업 펀드,송현인베스트먼트,2017-11-16,93000 
599,레오10호 소액투자전문펀드,레오파트너스인베스트먼트,2018-03-22,15100 
600,KAI-KVIC 가상증강현실투자조합,코리아에셋투자증권,2018-03-30,20000 
601,엘앤에스 글로벌 반도체성장 투자조합,엘앤에스벤처캐피탈,2018-02-23,60000 
602,LB기술금융펀드1호,엘비인베스트먼트,2017-12-15,54000 
603,한국투자 Re-Up 펀드,한국투자파트너스,2018-01-23,285000 
604,LB유망벤처산업펀드,엘비인베스트먼트,2018-03-29,145600 
605,ISU-콘텐츠기업재기지원펀드,이수창업투자,2018-05-15,14000 
606,나우 에이스 파트너십펀드,나우아이비캐피탈,2018-06-25,40000 
607,캐피탈원 조선업 구조개선 투자조합,캐피탈원,2018-04-25,20000 
608,인터밸류2호 혁신창업 투자조합,인터밸류파트너스,2018-08-16,20000 
609,컴퍼니케이-교원 창업초기펀드,컴퍼니케이파트너스,2018-06-22,33000 
610,MTI스타트업320펀드,마젤란기술투자,2018-11-09,15000 
611,CKD-BS Start-Up 벤처투자조합,씨케이디창업투자,2018-11-09,30000 
612,SGI 유니콘 스타트업 투자조합,삼호그린인베스트먼트,2018-09-18,30000 
613,스마트 혁신산업단지 제1호 투자조합,어니스트벤처스,2018-11-09,20710 
614,DTNI-창업초기 혁신 투자조합,디티앤인베스트먼트,2018-11-29,58830 
615,BSK 8호 창업초기 투자조합,비에스케이인베스트먼트,2018-11-29,20000 
616,2018 하나-마그나 스타트업 펀드,마그나인베스트먼트,2018-08-08,32000 
617,비전에쿼티-코나 혁신 스타트업 투자조합,코나인베스트먼트,2018-09-21,16600 
618,뮤렉스퍼플1호투자조합,뮤렉스파트너스,2018-09-12,38700 
619,티에스 2018-12 M&A 투자조합,티에스인베스트먼트,2018-12-20,141434 
620,메디치 2018-2 중소선도기업 창업투자조합,메디치인베스트먼트,2018-12-28,78500 
621,케이비 디지털 이노베이션 벤처투자조합,케이비인베스트먼트,2018-11-16,136000 
622,전남-보광 청년창업 투자조합,보광인베스트먼트,2018-06-28,10000 
623,플래티넘-혁신벤처펀드,플래티넘기술투자,2018-11-09,62500 
624,연구개발특구 일자리창출펀드 2호,포스코기술투자,2018-07-25,73350 
625,인사이트비전1호 투자조합,인사이트에퀴티파트너스,2018-11-08,21300 
626,코메스2018-2 소셜임팩트투자조합,코메스인베스트먼트,2018-11-16,10000 
627,같이하다 투자조합,인비저닝파트너스,2018-07-11,20200 
628,D3 임팩트 벤처투자조합 제1호,디쓰리쥬빌리파트너스,2018-08-17,15000 
629,어센도 제너시스 투자조합,어센도벤처스,2018-10-12,23250 
630,델타벤처투자조합1호,델타인베스트먼트,2018-11-06,10000 
631,대교애니메이션전문투자조합,대교인베스트먼트,2018-11-16,31000 
632,KTBN 미래콘텐츠일자리창출투자조합,우리벤처파트너스,2018-10-24,30000 
633,대성 블라썸 일자리 투자조합,대성창업투자,2018-10-24,30100 
634,유니온글로벌익스페디션투자조합,유니온투자파트너스,2018-11-07,25000 
635,캐피탈원 콘텐츠가치평가 투자조합,캐피탈원,2018-11-16,10010 
636,더웰스 IP기술사업화 투자조합,더웰스인베스트먼트,2018-11-09,20000 
637,시너지 바이오 헬스케어 벤처펀드,시너지아이비투자,2018-10-26,30000 
638,ISU-AJ스포츠투자조합,이수창업투자,2018-11-08,17000 
639,피씨씨 사회적기업2호 펀드,포스코기술투자,2018-11-07,10800 
640,인라이트 4호 엔제이아이 펀드,인라이트벤처스,2018-09-06,15000 
641,포스텍 경북 챌린지 씨드 1호 개인투자조합,포항공과대학교기술지주,2018-09-03,5000 
642,한양대학교 창업엔진 개인투자조합,한양대학교기술지주회사,2018-08-01,2740 
643,미래-과기특성화대학 창업투자 제1호 개인투자조합,미래과학기술지주,2018-07-13,6750 
644,하이파이브대학창업개인투자조합,부산대학교기술지주,2018-08-20,3000 
645,서울대 STH 제2호 개인투자조합,서울대학교기술지주,2018-08-16,4000 
646,부산-대경연합 제3호 개인투자조합,부산지역대학연합기술지주,2018-10-04,4180 
647,DKI Growing Star 4호 투자조합,대교인베스트먼트,2018-11-16,12500 
648,뉴레이크 그로쓰 캐피탈 파트너스 사모투자합자회사,뉴레이크얼라이언스매니지먼트,2019-02-15,80000 
649,울산-현대 신성장산업 육성펀드,현대기술투자,2018-09-17,14000 
650,2018 IMM 벤처펀드,아이엠엠인베스트먼트,2018-12-06,113500 
651,2018 KIF-프리미어 기술금융 투자조합,프리미어파트너스,2018-11-05,63000 
652,2018한화IoT전문신기술금융투자펀드,한화투자증권,2018-12-14,30000 
653,미래에셋 청년창업 투자조합 3호,미래에셋벤처투자,2018-11-20,20000 
654,CCVC 코리아임팩트 펀드,쿨리지코너인베스트먼트,2018-11-29,19500 
655,다담 4차산업 소셜임팩트 투자조합,로이투자파트너스,2018-11-16,14500 
656,미시간글로벌소셜임팩트투자조합,미시간벤처캐피탈,2018-11-20,12500 
657,IDV Global IP Growth 투자조합,아이디벤처스,2018-12-19,11800 
658,케이비 지식재산 투자조합 2호,케이비인베스트먼트,2018-10-25,40000 
659,유티씨이공일팔의일호(UTC2018-1)사모투자합자회사,유티씨인베스트먼트,2018-12-17,100000 
660,뉴웨이브 제6호 투자조합,신한벤처투자,2019-02-20,50000 
661,다산창업초기투자조합,동문파트너즈,2019-01-31,30000 
662,디에이밸류플러스 2018의1호 신기술투자조합,디에이밸류인베스트먼트,2018-09-17,15000 
663,원익 2019 Start-Up 파트너쉽 투자조합,원익투자파트너스,2019-02-14,40000 
664,데브-혁신모험초기 투자조합 4호,데브시스터즈벤처스,2018-09-11,10000 
665,이에스5호스타트업펀드,이에스인베스터,2019-02-14,10000 
666,전북-에스제이 퍼스트무버 벤처펀드,에스제이투자파트너스,2019-01-22,18000 
667,비엔에이치스타트업3호투자조합,비엔에이치인베스트먼트,2018-11-05,49500 
668,퀀텀창업초기1호투자조합,퀀텀벤처스코리아,2018-12-10,21300 
669,이앤벤처1호 창업초기투자조합,이앤벤처파트너스,2018-12-07,20000 
670,제이엑스 3호 투자조합,제이엑스파트너스,2019-01-14,20000 
671,일자리 창출 성장지원 펀드,한국벤처투자,2018-08-16,50600 
672,하나-KVIC 유니콘 모펀드,한국벤처투자,2018-08-21,110000 
673,데브-KDBC 문화투자조합,데브시스터즈벤처스,2018-12-07,20000 
674,MIP글로벌콘텐츠투자조합,메이플투자파트너스,2019-03-04,20500 
675,미시간팬아시아콘텐츠투자조합,미시간벤처캐피탈,2019-03-04,35000 
676,케이비 문화 디지털 콘텐츠 해외진출 투자조합,케이비인베스트먼트,2019-03-18,40000 
677,마그나-액시스 관광벤처펀드,마그나인베스트먼트,2019-03-11,28000 
678,대성굿무비투자조합,대성창업투자,2018-10-24,17000 
679,미래 ESV 개인투자조합 제1호,전북지역대학연합기술지주,2018-12-20,12500 
680,스마일게이트패스파인더펀드,스마일게이트인베스트먼트,2018-12-28,129000 
681,가이아혁신성장마케팅투자조합1호,가이아벤처파트너스,2019-01-30,10010 
682,BNK-케이앤 동남권일자리창출1호 투자조합,케이앤투자파트너스,2018-12-28,32500 
683,라구나 청년창업 투자조합 제1호,라구나인베스트먼트,2018-12-27,14000 
684,피씨씨-코나 제1호 미래환경산업펀드,포스코기술투자,2019-04-30,22000 
685,인터베스트4차산업혁명투자조합Ⅱ,인터베스트,2018-12-28,158500 
686,[아이디어브릿지] 지식재산 1호 창업벤처전문 사모투자합자회사,아이디어브릿지자산운용,2019-08-26,14700 
687,케이그라운드-홍릉 첨단과학기술사업화 제1호 투자조합,케이그라운드벤처스,2019-05-15,17910 
688,데일리 왓슨 바이오 헬스케어 펀드,데일리파트너스,2019-07-26,24700 
689,어니스트 스마트시티 첨단산업 투자조합,어니스트벤처스,2019-11-22,19000 
690,엘앤에스 10호 Early Stage III 투자조합,엘앤에스벤처캐피탈,2019-11-11,20500 
691,CKD Start-Up 3호 벤처투자조합,씨케이디창업투자,2019-09-24,23500 
692,이노폴리스 2019 창업초기 투자조합,이노폴리스파트너스,2019-07-24,25600 
693,서울투자 혁신모험 벤처조합,서울투자파트너스,2019-10-24,34000 
694,SETI-KIF창업투자조합IV,트랜스링크인베스트먼트,2019-11-13,27250 
695,LSK 헬스케어 2호 펀드,엘에스케이인베스트먼트,2019-07-23,45000 
696,메디톡스투자조합1호,메디톡스벤처투자,2019-07-15,30000 
697,티인베스트먼트창업초기1호,티인베스트먼트,2019-10-18,30000 
698,인터밸류3호 혁신창업 투자조합,인터밸류파트너스,2019-07-26,20000 
699,신한-스퀘어 스타트업 기술금융 투자조합,스퀘어벤처스,2019-09-04,20510 
700,패스파인더 스타트업 투자조합,패스파인더에이치,2019-11-15,20000 
701,비에이피제2호 퍼스트펭귄투자조합,비에이파트너스,2019-06-05,22000 
702,에이벤처스 가슴뛰는 창업투자조합,에이벤처스,2019-09-24,20000 
703,오픈워터창업초기투자조합2호,오픈워터인베스트먼트,2019-07-19,15000 
704,동훈 테크스타 5호 투자조합,동훈인베스트먼트,2019-07-15,15000 
705,아이비케이 스톤브릿지 혁신성장 사모투자합자회사,스톤브릿지벤처스,2019-09-03,126500 
706,린드먼아시아투자조합14호,린드먼아시아인베스트먼트,2019-12-20,50100 
707,2019 SBI 일자리창출 펀드,에스비아이인베스트먼트,2019-09-11,53000 
708,메가 청년일자리 레버리지 투자조합,제이비인베스트먼트,2019-08-26,50000 
709,2019 HB일자리기술금융투자조합,에이치비인베스트먼트,2019-10-22,40000 
710,KAI-KVIC 스마트공장 투자조합,코리아에셋투자증권,2019-11-22,30000 
711,이앤벤처3호 스마트투자조합,이앤벤처파트너스,2019-11-14,20000 
712,마그나프렌드 임팩트인핸스 펀드,마그나인베스트먼트,2019-08-06,25000 
713,케이비 소셜임팩트 투자조합,케이비인베스트먼트,2019-08-06,15000 
714,대성 따뜻한 임팩트 투자조합,대성창업투자,2019-07-26,15000 
715,디쓰리 임팩트 벤처투자조합 제2호,디쓰리쥬빌리파트너스,2019-08-09,30850 
716,비하이임팩트투자조합1호,비하이인베스트먼트,2019-09-19,15000 
717,DKI Growing Star 5호 투자조합,대교인베스트먼트,2019-11-07,22000 
718,나우 M&A 투자펀드 1호,나우아이비캐피탈,2019-10-24,100000 
719,NH-수인베스트먼트 혁신성장 M&A 투자조합,수인베스트먼트캐피탈,2019-09-30,60000 
720,SGI Dolphin 중소벤처기업 M&A 투자조합,삼호그린인베스트먼트,2019-06-13,50530 
721,2019 얼머스 세컨더리 투자조합,얼머스인베스트먼트,2019-12-27,30000 
722,대덕특구창업초기투자조합,대덕벤처파트너스,2019-07-09,23000 
723,보광 밸런스 투자조합,보광인베스트먼트,2019-07-17,15000 
724,P&I문화혁신투자조합,피앤아이인베스트먼트,2019-07-18,10800 
725,일신 뉴코리안웨이브 3호 투자조합,일신창업투자,2019-07-30,22000 
726,마이다스동아 글로벌콘텐츠 투자조합 2호,마이다스동아인베스트먼트,2019-07-31,11500 
727,대교 콘텐츠 융합 전문 투자조합,대교인베스트먼트,2019-11-29,20005 
728,디에이밸류-에스투엘 신기술사업투자조합제1호,에스투엘파트너스,2019-11-04,11000 
729,이앤벤처2호 IP투자조합,이앤벤처파트너스,2019-11-04,13000 
730,에스알(SR) 블루이코노미 투자조합,아이엠투자파트너스,2019-10-08,15000 
731,캐피탈원 해양신산업 투자조합,캐피탈원,2019-08-19,14500 
732,그로스엑셀러레이션펀드,에스비브이에이,2019-07-19,341020 
733,연세대학교기술지주 대학창업기업 개인투자조합 YUTH 2호,연세대학교기술지주,2019-09-16,3500 
734,대경 다이나믹 제1호 개인투자조합,대경지역대학공동기술지주,2019-09-23,5050 
735,부산대대학창업 제2호 개인투자조합,부산대학교기술지주,2019-09-05,4200 
736,에트리홀딩스기술사업화개인투자조합2호,에트리홀딩스,2019-09-17,9000 
737,케이에스티(KST) 실험실창업 제1호 개인투자조합,한국과학기술지주,2019-09-16,11300 
738,서울대 STH 기술사업화 개인투자조합,서울대학교기술지주,2019-09-18,9000 
739,고려대 공공기술사업화 촉진 개인투자조합 제1호,고려대학교기술지주,2019-08-22,5000 
740,케이제이앤1호게임전문투자조합,케이제이앤투자파트너스,2019-12-30,30000 
741,미시간글로벌콘텐츠투자조합7호,미시간벤처캐피탈,2019-12-06,19000 
742,보광 청년창업 콘텐츠 투자조합,보광인베스트먼트,2019-11-22,15000 
743,디랩콘텐츠유니콘일자리투자조합1호,엔벤처스,2020-01-29,27500 
744,유니온K-문화콘텐츠투자조합,유니온투자파트너스,2019-11-25,30000 
745,쏠레어 스케일업 영화투자조합 1호,쏠레어파트너스,2019-08-14,19300 
746,스마일게이트 엑스알 콘텐츠펀드,스마일게이트인베스트먼트,2019-12-31,15000 
747,IDV IP STAR 투자조합,아이디벤처스,2019-12-27,30000 
748,피앤피아이피밸류크리에이션 1호 투자조합,피앤피인베스트먼트,2019-12-24,17000 
749,포스텍 홀딩스 3호 투자조합,포항공과대학교기술지주,2019-12-03,5000 
750,미래지주 창업투자 제2호 개인투자조합,미래과학기술지주,2019-11-25,7000 
751,대경지역 고도기술창업기업 제1호 개인투자조합,대경지역대학공동기술지주,2020-02-14,4300 
752,엑스트라마일 임팩트 2호 개인투자조합,엠와이소셜컴퍼니,2020-02-25,2000 
753,컴퍼니케이 고성장펀드,컴퍼니케이파트너스,2020-03-03,127000 
754,2019 캡스톤 초기 투자조합,캡스톤파트너스,2020-03-09,7200 
755,라구나 창업초기 투자조합 제2호,라구나인베스트먼트,2019-12-30,12300 
756,마이다스동아-엔에스씨 수산펀드 2호,마이다스동아인베스트먼트,2019-12-31,20000 
757,IDV-IP 수산전문투자조합 2호,아이디벤처스,2019-12-03,15000 
758,2020원익-인탑스 스마트밸류업 성장펀드,원익투자파트너스,2020-01-31,31000 
759,케이티스마트공장투자조합,케이티인베스트먼트,2019-11-06,17000 
760,대성 W-Jump up 투자조합,대성창업투자,2020-03-09,10000 
761,아스트라제1호투자조합,다올프라이빗에쿼티 주식회사,2020-04-03,111000 
762,MTI 엔젤세컨더리 투자조합,마젤란기술투자,2020-03-06,30000 
763,WE지방기업육성펀드1호,위벤처스,2019-11-25,16000 
764,케이앤 지방상생일자리창출 투자조합,케이앤투자파트너스,2019-12-30,16100 
765,세종 스마트기술 강소기업 투자조합 2호,로이투자파트너스,2019-12-31,10000 
766,다담 대전 성장지원 1호 투자조합,로이투자파트너스,2019-11-20,10000 
767,나이스융합관광신기술투자조합,나이스투자파트너스,2019-12-30,22000 
768,2020한화미래환경신기술사업투자조합,한화투자증권,2020-03-02,21700 
769,2019KIF-스톤브릿지혁신기술성장TCB투자조합,스톤브릿지벤처스,2019-11-15,76500 
770,케이비-유티씨 혁신 기술금융 벤처투자조합,유티씨인베스트먼트,2019-12-05,50800 
771,퀀텀5G특화4차산업고급기술펀드,퀀텀벤처스코리아,2019-11-28,49700 
772,이에스6호디지털콘텐츠글로벌펀드,이에스인베스터,2019-12-23,15000 
773,숭실대 SUJI 제1호 개인투자조합,숭실대학교기술지주,2019-12-26,1700 
774,빛가람 1호 대학창업개인투자조합,전남대학교기술지주회사,2020-01-09,4000 
775,대학창업 개인투자조합,벤처박스,2020-01-06,1002 
776,한양대학교 창업엔진 개인투자조합 2호,한양대학교기술지주회사,2020-01-09,1000 
777,키움-유안타 2019 스케일업 펀드,유안타인베스트먼트,2020-04-29,125000 
778,2019모태이앤클린에어펀드,이앤인베스트먼트,2019-12-30,21500 
779,피씨씨-우리 LP지분 유동화 펀드,포스코기술투자,2019-12-31,26000 
780,더웰스도시재생투자조합,더웰스인베스트먼트,2020-06-08,25000 
781,알바트로스뉴웨이브펀드,알바트로스인베스트먼트,2020-08-10,14000 
782,MIP디지털실감콘텐츠투자조합,메이플투자파트너스,2020-11-09,20500 
783,케이브릿지 관광산업 레벨업 투자조합,케이브릿지인베스트먼트,2020-08-06,21720 
784,AJ스마트관광제2호투자조합,NBH캐피탈,2020-05-22,12200 
785,LH-관광혁신벤처투자조합,라이트하우스컴바인인베스트,2020-05-29,10200 
786,패스파인더 국토교통혁신 투자조합,패스파인더에이치,2020-09-09,17000 
787,센트럴케이제이앤5G융합콘텐츠투자조합,센트럴투자파트너스,2020-08-10,40000 
788,코나 콘텐츠 투자조합,코나벤처파트너스,2020-07-29,30000 
789,라구나 다이나믹 게임&콘텐츠 펀드,라구나인베스트먼트,2020-10-25,15860 
790,상상콘텐츠투자조합,넥스트지인베스트먼트,2020-06-02,30000 
791,가이아모험콘텐츠투자조합,가이아벤처파트너스,2020-05-26,20000 
792,ISU-콘텐츠코리아모험펀드,이수창업투자,2020-07-30,21500 
793,마이다스동아-엔에스씨 애니메이션 캐릭터 투자조합,마이다스동아인베스트먼트,2020-08-10,15000 
794,이크럭스애니메이션캐릭터투자조합,이크럭스벤처파트너스,2020-08-07,11650 
795,유니온슈퍼아이피2호투자조합,유니온투자파트너스,2020-11-09,26000 
796,타임와이즈글로벌콘텐츠투자조합,씨제이인베스트먼트,2020-08-05,18600 
797,ISU-글로벌콘텐츠코리아펀드,이수창업투자,2020-11-04,15200 
798,코오롱 2020 소재부품장비 투자조합,코오롱인베스트먼트,2020-05-26,67500 
799,2020뉴스포츠그로쓰사모투자합자회사,마이스터프라이빗에쿼티,2020-09-11,10000 
800,KC한국영화투자조합,케이씨벤처스,2020-07-16,16400 
801,미시간한국영화메인투자조합,미시간벤처캐피탈,2020-08-04,30000 
802,린드먼아시아투자조합16호,린드먼아시아인베스트먼트,2021-01-04,80100 
803,케이디비씨에이비즈엠엔에이사모투자합자회사,에이비즈파트너스,2021-02-08,100000 
804,티에스 2020-13 M&A 성장조합,티에스인베스트먼트,2021-01-04,119300 
805,하나혁신벤처스케일업펀드,하나벤처스,2020-10-13,65000 
806,메티스톤 혁신성장 제일호 사모투자합자회사,메티스톤에퀴티파트너스,2021-01-04,91500 
807,임팩트스퀘어 사회적기업 디딤돌 벤처투자조합,임팩트스퀘어,2020-11-09,5800 
808,CCVC 코리아임팩트 펀드 II,쿨리지코너인베스트먼트,2020-10-25,10000 
809,비하이임팩트투자조합2호,비하이인베스트먼트,2020-11-19,30000 
810,KTBN 18호 벤처투자조합,우리벤처파트너스,2021-01-04,281000 
811,케이비 스마트 스케일업 펀드,케이비인베스트먼트,2020-12-29,200000 
812,에이벤처스 W 유니콘 투자조합,에이벤처스,2020-11-09,30000 
813,FMC 제1호 Sand Box 지역특구 투자조합,에프엠씨인베스트먼트,2020-10-05,13500 
814,BNK 지역균형성장 투자조합,비엔케이벤처투자,2020-05-26,16540 
815,춘천 중소기업 성장지원 투자조합,어니스트벤처스,2020-05-29,20000 
816,데브-청년창업 투자조합 6호,데브시스터즈벤처스,2020-07-10,20000 
817,BSK 9호 청년창업 투자조합,비에스케이인베스트먼트,2020-07-30,33400 
818,KT청년창업DNA투자조합,케이티인베스트먼트,2020-05-28,24000 
819,스마트대한민국 메가청년투자조합,제이비인베스트먼트,2020-09-17,20000 
820,도약하다 투자조합,인비저닝파트너스,2020-06-02,15800 
821,BNK-케이앤 해양신산업 투자조합 제1호,케이앤투자파트너스,2020-06-12,15500 
822,인사이트V2 디지털헬스케어 투자조합,인사이트에퀴티파트너스,2020-10-19,20000 
823,비에이피제3호 플라잉펭귄투자조합,비에이파트너스,2020-08-05,20000 
824,스마트WE초기기업펀드1호,위벤처스,2020-08-05,57800 
825,인라이트9호 넥스트유니콘 벤처펀드,인라이트벤처스,2020-11-09,22000 
826,티비티오픈이노베이션투자조합,티비티,2020-08-04,33000 
827,스마트대한민국창업초기조합 T,티인베스트먼트,2020-08-06,37100 
828,스마트 LSK 3호 펀드,엘에스케이인베스트먼트,2020-08-06,55000 
829,메가트렌드스타트업2호투자조합,제이비인베스트먼트,2020-08-07,25000 
830,에스제이 퍼스트무버 벤처펀드 제2호,에스제이투자파트너스,2020-11-03,75000 
831,인터베스트 창업초기 투자조합,인터베스트,2020-10-06,38000 
832,키움뉴히어로1호펀드,키움인베스트먼트,2020-05-25,30000 
833,더넥스트유니콘투자조합,디티앤인베스트먼트,2020-06-03,54850 
834,마그나 Rising Star 2 펀드,마그나인베스트먼트,2020-09-21,25000 
835,SLi Next  이노베이션 펀드,에스엘인베스트먼트,2020-12-09,75000 
836,미래에셋 Innovative Growth 투자조합,미래에셋벤처투자,2020-11-12,80100 
837,스톤브릿지DNA혁신성장투자조합,스톤브릿지벤처스,2020-12-02,146000 
838,스틱4차산업혁명Jump-up펀드,스틱벤처스,2020-07-31,102500 
839,프리미어 글로벌 이노베이션 2호 투자조합,프리미어파트너스,2020-11-18,90000 
840,한국투자 바이오 글로벌 펀드,한국투자파트너스,2020-07-29,350000 
841,스마일게이트녹색성장2호펀드,스마일게이트인베스트먼트,2020-11-12,20000 
842,BNK 미세먼지 해결 투자조합,비엔케이벤처투자,2020-05-26,15400 
843,미래지주 창업투자 제4호 개인투자조합,미래과학기술지주,2020-09-08,6000 
844,카이스트기술창업투자조합,카이스트청년창업투자지주,2020-07-23,5000 
845,BS 다이나믹 스타트업 개인투자조합,부산지역대학연합기술지주,2020-11-23,5000 
846,포스텍 홀딩스 4호 투자조합,포항공과대학교기술지주,2020-08-10,7500 
847,충남대학교기술지주(주)지방개인투자조합 제1호,충남대학교기술지주,2020-08-14,3000 
848,뉴패러다임혁신스타트업제3호개인투자조합,뉴패러다임인베스트먼트,2020-05-29,6000 
849,씨엔티테크 제4호 개인투자조합,씨엔티테크,2020-06-01,3400 
850,인포뱅크 개인투자조합 2호,인포뱅크,2020-05-26,6000 
851,퓨처플레이제2호개인투자조합,퓨처플레이,2020-08-10,5500 
852,제피러스랩 개인투자조합 제1호,제피러스랩,2020-09-28,5400 
853,비엔케이 유스타 (BNK U-STAR) 개인투자조합,울산창조경제혁신센터,2020-06-01,4000 
854,지스트롱(G-StRONG) 혁신창업펀드,시리즈벤처스,2020-11-26,5010 
855,로우파트너스 개인투자조합 제1호,로우파트너스,2020-08-10,1530 
856,국민대-G1 대학창업 개인투자조합,국민대학교기술지주,2020-08-10,2040 
857,카이스트대학창업투자조합,카이스트청년창업투자지주,2020-07-14,3000 
858,미래지주 창업투자 제3호 개인투자조합,미래과학기술지주,2020-07-14,5000 
859,포스텍 홀딩스 5호 투자조합,포항공과대학교기술지주,2020-06-29,4000 
860,대학창업 개인투자조합 2호,벤처박스,2020-07-20,1002 
861,연세대학교기술지주 개인투자조합 YUTH 3호,연세대학교기술지주,2020-09-22,5000 
862,하이테크 기술개발 사업화 펀드,한국벤처투자,2020-07-03,51000 
863,서울대 STH IP 개인투자조합,서울대학교기술지주,2020-08-10,9000 
864,스마일게이트딥테크사업화1호펀드,스마일게이트인베스트먼트,2020-07-27,48750 
865,인라이트10호 오션스타펀드,인라이트벤처스,2021-01-04,14300 
866,에이티유스포츠테크1호창업벤처전문 사모투자합자회사,에이티유파트너스,2020-10-28,5100 
867,영호남 지역균형발전 특구펀드,대성창업투자,2021-01-12,19000 
868,케이바이오글로벌헬스케어사모투자 합자회사,이앤인베스트먼트,2021-01-29,130000 
869,한화소재부품장비제1호투자조합,한화투자증권,2020-09-29,5600 
870,인피니툼스포츠1호펀드,인피니툼파트너스,2020-12-24,14300 
871,스마트대한민국 모펀드,한국벤처투자,2020-08-14,91001 
872,BNK-인터밸류 기술금융 투자조합,인터밸류파트너스,2020-12-17,37000 
873,비엔에이치4호기술금융투자조합,비엔에이치인베스트먼트,2020-12-21,61200 
874,유니온기술금융투자조합,유니온투자파트너스,2020-12-16,50500 
875,스마트 그린뉴딜 소방산업펀드 5호,어니스트벤처스,2020-12-29,18500 
876,스마트 수소경제 및 E-신산업 BSK 10호 투자조합,비에스케이인베스트먼트,2020-12-08,48500 
877,스마트 마그나킹고 그린펀드,마그나인베스트먼트,2021-02-01,25200 
878,스마트현대그린뉴딜펀드,현대기술투자,2021-01-06,23000 
879,케이넷  유니콘 육성 투자조합,케이넷투자파트너스,2020-11-04,59900 
880,신한-네오 소재부품장비 투자조합,신한벤처투자,2020-12-30,19900 
881,강원 피크닉 투자조합,소풍벤처스,2021-01-20,3235 
882,경남 리버스이노베이션투자조합,경남벤처투자,2020-12-16,20000 
883,대전규제자유특구 블루포인트 투자펀드,블루포인트파트너스,2021-01-12,12000 
884,어니스트 밀레니얼 주거혁신 투자조합,어니스트벤처스,2021-04-06,12500 
885,이에스7호공유주택펀드,이에스인베스터,2021-01-05,12600 
886,아이디아이피투자제1호창업벤처전문사모투자 합자회사,인텔렉추얼디스커버리,2021-06-09,20000 
887,더웰스-클레어보이언트IP기술사업화투자조합,클레어보이언트벤처스,2021-02-17,57500 
888,스마트헬스케어MIP투자조합,메이플투자파트너스,2021-04-12,20500 
889,스마트 대한민국 경동킹고 바이오펀드,킹고투자파트너스,2021-01-06,27000 
890,스마트 사우스뱅크 디스커버리 벤처투자조합,에스비파트너스,2020-12-16,15190 
891,스마트 대교 동행 투자조합,대교인베스트먼트,2020-12-23,20000 
892,스마트 무신사-한국투자 펀드 1호,무신사파트너스,2021-01-14,20210 
893,스마트 크래프톤-본엔젤스 펀드,본엔젤스벤처파트너스,2020-12-17,22000 
894,스마트대한민국 네이버-스톤브릿지 라이징 투자조합,스톤브릿지벤처스,2021-01-04,26500 
895,스마트 스프링 펀드,스프링캠프,2021-01-04,28000 
896,스마트신세계시그나이트투자조합,시그나이트,2020-12-14,50000 
897,스마트AP-WE언택트펀드1호,위벤처스,2021-01-08,27300 
898,스마트2020토니비대면투자조합,토니인베스트먼트,2020-11-09,12500 
899,스마트 코나 투자조합,코나벤처파트너스,2020-12-14,34400 
900,스마트크릿1호펀드,크릿벤처스,2020-12-16,12500 
901,아이디아이피투자제2호창업벤처전문사모투자 합자회사,인텔렉추얼디스커버리,2021-06-09,20700 
902,스마트 엘앤에스-제이와이피 투자조합,엘앤에스벤처캐피탈,2020-12-24,20000 
903,스마트 스파크랩 클라우드 제1호 펀드,스파크랩,2021-01-04,10000 
904,스마트 엘앤피-스파크랩 코스메틱 제1호 펀드,스파크랩,2020-12-30,12500 
905,스마트바이오펀드,씨제이인베스트먼트,2020-12-24,24000 
906,씨씨브이씨 우리동네 도시재생 펀드(CCVC 우리동네 도시재생 펀드),쿨리지코너인베스트먼트,2021-05-28,25000 
907,케이앤 디지털미디어콘텐츠1호 투자조합,케이앤투자파트너스,2021-05-04,26000 
908,비엔케이 스마트 비대면 펀드,비엔케이벤처투자,2021-06-15,20000 
909,스마트 수인베스트먼트 언택트 제이커브 투자조합,수인베스트먼트캐피탈,2021-08-24,40000 
910,스마트코리아 컴퍼니케이 언택트펀드,컴퍼니케이파트너스,2021-07-28,100000 
911,스마트코리아언택트투자조합,디티앤인베스트먼트,2021-11-17,40000 
912,하나비대면디지털이노베이션펀드,하나벤처스,2021-10-08,54000 
913,스마트 4차산업 스퀘어 투자조합 2호,스퀘어벤처스,2021-11-17,10000 
914,스마트 대한민국 라구나 비대면 펀드 제4호,라구나인베스트먼트,2021-07-12,50000 
915,스마트 A 온택트 투자조합,에이벤처스,2021-09-29,73500 
916,인사이트V3스마트(디지털)헬스케어투자조합,인사이트에퀴티파트너스,2021-10-08,31800 
917,스마트대한민국유티씨바이오헬스케어벤처투자조합,유티씨인베스트먼트,2021-11-08,135000 
918,스마트 비엔케이 뉴딜 펀드,비엔케이벤처투자,2021-08-06,35000 
919,스마트코리아 SGI 그린뉴딜 투자조합,삼호그린인베스트먼트,2021-09-07,30000 
920,스마트 어센도 그린뉴딜 투자조합,어센도벤처스,2021-11-03,38700 
921,스마트그린뉴딜창업벤처펀드,라이트하우스컴바인인베스트,2021-09-08,23000 
922,스마트 그린뉴딜 제피러스랩 혁신벤처펀드 제1호,제피러스랩,2021-09-17,10000 
923,스마트 서울투자 비대면 펀드,서울투자파트너스,2021-09-16,12500 
924,스마트SF-WE언택트펀드2호,위벤처스,2021-06-25,53000 
925,스마트비대면펀드,씨제이인베스트먼트,2021-07-20,28000 
926,스마트에스케이티인피니툼게임펀드,인피니툼파트너스,2021-05-14,13650 
927,코오롱 2021 이노베이션 투자조합,코오롱인베스트먼트,2021-09-29,195000 
928,에스브이 스케일업 펀드,에스브이인베스트먼트,2021-10-19,200000 
929,키움뉴히어로4호스케일업펀드,키움인베스트먼트,2021-10-07,140000 
930,에스비아이 소부장 스타 펀드 1호,에스비아이인베스트먼트,2021-08-17,50000 
931,엘앤에스 소부장 혁신기업 투자조합,엘앤에스벤처캐피탈,2021-06-11,30000 
932,케이런6호 소재부품장비 투자조합,케이런벤처스,2021-08-13,33400 
933,2021토니브릿지투자조합,토니인베스트먼트,2021-04-29,20000 
934,비엔케이티2021대한민국버팀목벤처투자조합,티인베스트먼트,2021-08-06,37500 
935,카이 케이빅(KAI-KVIC) 점프업투자조합,코리아에셋투자증권,2021-12-15,40000 
936,나우윈코로나펀드,나우아이비캐피탈,2021-07-06,30000 
937,심본 뉴챌린지 투자조합,심본투자파트너스,2021-09-29,15000 
938,2021 서울-캡스톤 플랫폼 투자조합,캡스톤파트너스,2021-09-07,30000 
939,경기하나버팀목재기지원펀드2호,하나벤처스,2021-09-29,45000 
940,블루포인트 디스커버리 벤처투자조합2호,블루포인트파트너스,2021-09-29,9600 
941,아주 좋은 창업초기 펀드,아주아이비투자,2021-06-21,14500 
942,이에스8호스타트업펀드,이에스인베스터,2021-07-20,15550 
943,대전스타트업파크투자조합,대덕벤처파트너스,2021-09-07,14500 
944,비에이피제4호 스텝업펭귄투자조합,비에이파트너스,2021-07-13,20000 
945,일자리 창출 성장지원 펀드 2호,한국벤처투자,2021-06-25,20500 
946,스마트티포메가존벤처투자조합,티인베스트먼트,2021-07-19,10300 
947,스마트 크리스탈 비대면 펀드 1호,인바이츠벤처스,2021-06-25,12500 
948,스마트롯데비대면·모빌리티펀드,롯데벤처스,2021-06-23,17200 
949,센트럴모험콘텐츠투자조합,센트럴투자파트너스,2021-10-26,42000 
950,베이비샤크넥스트유니콘IP펀드,스마트스터디벤처스,2021-09-16,38500 
951,쏠레어컬처플러스 투자조합,쏠레어파트너스,2021-07-05,24300 
952,현대-유니온모험콘텐츠투자조합,유니온투자파트너스,2021-08-13,35000 
953,케이씨드림업투자조합,케이씨벤처스,2021-09-07,20000 
954,같이가자 카카오게임즈 상생 투자조합,코나벤처파트너스,2021-12-13,25860 
955,가이아방송콘텐츠투자조합2호,가이아벤처파트너스,2021-11-11,15060 
956,뉴미디어콘텐츠펀드,씨제이인베스트먼트,2021-09-14,15200 
957,로간1호 콘텐츠가치평가투자조합,로간벤처스,2021-10-08,12200 
958,에스제이 관광벤처조합 제3호,에스제이투자파트너스,2021-09-29,65010 
959,인피니툼스포츠2호펀드,인피니툼파트너스,2021-10-14,18500 
960,스마트 CKD 바이오-헬스케어 1호 벤처투자조합,씨케이디창업투자,2021-09-06,52000 
961,스마트 iM 디지털그린 벤처펀드,아이엠투자파트너스,2021-09-06,30000 
962,스마트 IBK-퀀텀 그린신산업펀드,퀀텀벤처스코리아,2021-11-26,30500 
963,스마트 하나-케이앤 그린뉴딜1호 투자조합,케이앤투자파트너스,2021-08-26,22500 
964,센트럴소셜임팩트투자조합,센트럴투자파트너스,2021-12-03,16700 
965,아이엠(iM) 드림걸스 벤처투자조합,아이엠투자파트너스,2021-09-07,26000 
966,디케이아이 그로잉 스타 6호 투자조합,대교인베스트먼트,2021-11-26,25000 
967,케이티창업초기투자조합,케이티인베스트먼트,2021-08-26,20000 
968,에버그린투자파트너스4호펀드,에버그린투자파트너스,2021-11-26,43100 
969,서울대 STH 창업초기 벤처투자조합,서울대학교기술지주,2021-12-03,10100 
970,씨엔티테크 제9호 투자조합,씨엔티테크,2021-10-29,4300 
971,퓨처플레이혁신솔루션펀드,퓨처플레이,2021-06-22,29750 
972,엠아이피(MIP) 혁신M&A 투자조합,메이플투자파트너스,2022-01-14,50000 
973,어니스트-신영 페이스 메이커 투자조합,어니스트벤처스,2021-12-30,51020 
974,충남대-로우 대학창업투자조합 1호,충남대학교기술지주,2021-11-01,2000 
975,전북대학교 제2호 대학창업 개인투자조합,특허법인지원,2021-08-24,2700 
976,한밭대학교-CNVP 대학창업펀드 1호 개인투자조합,한밭대학교기술지주,2021-08-13,1100 
977,연세대학교기술지주 개인투자조합 YUTH 4호,연세대학교기술지주,2021-10-29,4400 
978,지스타트업(G-Startup) 대학창업 뉴딜펀드,전남대학교기술지주회사,2021-09-09,4000 
979,고려대 대학창업 제2호 개인투자조합,고려대학교기술지주,2021-08-09,5000 
980,포스텍 홀딩스 6호 투자조합,포항공과대학교기술지주,2021-09-13,5000 
981,고려대 글로벌 기술혁신 개인투자조합 제1호,고려대학교기술지주,2021-09-14,4000 
982,뉴패러다임혁신성장제5호개인투자조합,뉴패러다임인베스트먼트,2021-09-06,11100 
983,인포뱅크 개인투자조합 3호,인포뱅크,2021-08-27,7000 
984,코사인개인투자조합 4호,강수현,2021-09-27,5380 
985,킹슬리 엔젤3호 개인투자조합,킹슬리벤처스,2021-09-27,6000 
986,스타트업 밸류업 CNVP 2호 개인투자조합,씨앤벤처파트너스,2021-09-03,5250 
987,로간2호 콘텐츠재기지원투자조합,로간벤처스,2021-11-08,13700 
988,피앤아이뱅퀴시투자조합,피앤아이인베스트먼트,2021-11-04,13000 
989,쏠레어메인 영화투자조합,쏠레어파트너스,2021-09-01,30000 
990,가이아영화투자조합,가이아벤처파트너스,2021-08-18,13140 
991,스마일게이트 엑스알 콘텐츠펀드2호,스마일게이트인베스트먼트,2021-09-29,47000 
992,케이에스티-미래 제1호 공공기술사업화투자조합,미래과학기술지주,2021-11-29,20000 
993,비엔케이-케이앤 영호남 특구기업 육성 벤처투자조합 제1호,케이앤투자파트너스,2021-09-03,19000 
994,스마트뉴딜 혁신산업 투자조합,경남벤처투자,2021-12-28,17600 
995,디쓰리 미래환경 ECO 벤처투자조합,디쓰리쥬빌리파트너스,2021-08-26,28500 
996,브이엘미래환경산업 사모투자합자회사,브이엘인베스트먼트,2021-08-27,35300 
997,스마트신세계포커스투자조합,시그나이트,2021-09-30,30000 
998,스마트대한민국 KB퓨처나인-세종 벤처펀드,로이투자파트너스,2021-09-09,13000 
999,스마트룬샷게임콘텐츠펀드,스마일게이트인베스트먼트,2021-09-16,39000 
1000,스마트 대한민국 KT 넥스트 투자조합,쿼드벤처스,2021-09-29,22000 
1001,스마트 제이티비씨 2021 디지털트랜스포메이션 투자조합,엔브이씨파트너스,2021-09-16,10600 
1002,스마트STREAM-WE언택트펀드3호,위벤처스,2021-09-29,12500 
1003,스마트-데브 투자조합 7호,데브시스터즈벤처스,2021-11-04,16650 
1004,스마트 씨제이-대성 메타버스 투자조합,대성창업투자,2021-08-05,15000 
1005,미시간아시아문화중심도시육성투자조합,미시간벤처캐피탈,2021-12-29,33300 
1006,피앤피 아이피테크 크라우드 투자조합,피앤피인베스트먼트,2022-01-20,14000 
1007,충청 지역뉴딜 벤처펀드(물산업 펀드),한국벤처투자,2021-10-29,91500 
1008,센트럴중저영화전문투자조합,센트럴투자파트너스,2021-11-26,13000 
1009,해양신산업등대투자조합,라이트하우스컴바인인베스트,2021-11-08,14300 
1010,엑스트라마일 임팩트 5호 벤처투자조합,엠와이소셜컴퍼니,2021-12-20,6000 
1011,제이비(JB)기술지주 개인투자조합 제2호,전북지역대학연합기술지주,2021-12-09,3000 
1012,대경지역 고도기술창업기업 제2호 개인투자조합,대경지역대학공동기술지주,2021-12-27,4000 
1013,스마트2021토니비대면투자조합,토니인베스트먼트,2021-12-27,40000 
1014,부산 지역뉴딜 벤처펀드,한국벤처투자,2021-11-22,91200 
1015,대구시-아이비피 ABB 성장 투자 1호 조합,비비드인베스트먼트,2022-04-04,23400 
1016,아이디브이 글로벌 아이피 그로쓰 투자조합 2호,아이디벤처스,2021-12-21,27000 
1017,스타셋 제3호 창업벤처전문 사모투자합자회사,주식회사 스타셋인베스트먼트,2022-03-30,53000 
1018,케이비-케이티비 기술금융 벤처투자조합,우리벤처파트너스,2021-11-29,55000 
1019,파라투스 뉴노멀 TCB 사모투자합자회사,파라투스인베스트먼트,2021-12-24,194500 
1020,파트너스10호투자조합,파트너스인베스트먼트,2022-03-22,90000 
1021,아이엠엠 스타트업 벤처펀드 제1호,아이엠엠인베스트먼트,2022-04-04,106566 
1022,인터밸류5호 Next Unicorn 청년창업 투자조합,인터밸류파트너스,2021-12-27,34000 
1023,인터베스트청년창업투자조합,인터베스트,2022-02-11,55000 
1024,스톤브릿지DX사업재편 투자조합,스톤브릿지벤처스,2022-02-22,200000 
1025,스틱이노베이션펀드,스틱벤처스,2022-04-29,257000 
1026,충청엔젤투자허브 개인투자조합,한국엔젤투자협회,2022-01-05,5000 
1027,호남엔젤투자허브 개인투자조합,한국엔젤투자협회,2022-01-05,5000 
1028,씨씨브이씨 우리동네 도시재생 펀드 II,쿨리지코너인베스트먼트,2022-05-11,12500 
1029,임팩트스퀘어 사회적기업 디딤돌 2호 벤처투자조합,임팩트스퀘어,2022-05-11,6000 
1030,패스파인더 국토교통혁신 투자조합 2호,패스파인더에이치,2022-03-29,18000 
1031,스파크랩 테크 퍼스트 스텝 투자조합,스파크랩,2022-05-13,15200 
1032,킹슬리 SAFE 엔젤 4호 벤처투자조합,킹슬리벤처스,2022-04-08,16150 
1033,수인베스트먼트 동북지역뉴딜 투자조합,수인베스트먼트캐피탈,2022-07-06,10000 
1034,포스텍홀딩스 지역뉴딜 벤처펀드,포항공과대학교기술지주,2022-07-21,29500 
1035,보광 지역뉴딜1호 투자조합,보광인베스트먼트,2022-03-31,17600 
1036,서울투자스마트지역뉴딜펀드,서울투자파트너스,2022-09-08,30000 
1037,다날지역뉴딜벤처투자조합,동문파트너즈,2022-07-08,16700 
1038,오라클지역뉴딜벤처펀드,오라클벤처투자,2022-07-05,10000 
1039,동남권 지역뉴딜 벤처펀드,한국벤처투자,2022-03-31,84900 
1040,스마트한화KDB경기탄소중립ESG펀드,한화투자증권,2022-07-26,103000 
1041,스마트 HIP 제4호 벤처투자조합,현대투자파트너스,2022-09-23,37000 
1042,스마트 뮤어우즈 비대면 1호 투자조합,뮤어우즈벤처스,2022-10-24,20210 
1043,스마트 브이플랫폼 코리아센터 멘토링 펀드,브이플랫폼인베스트먼트,2022-07-21,21750 
1044,스마트 비전에쿼티 이노베이션 투자조합,비전에쿼티파트너스,2022-12-14,12000 
1045,스마트유니온비대면투자조합,유니온투자파트너스,2022-10-06,14700 
1046,스마트루트ML펀드,루트벤처스,2022-05-11,15000 
1047,스마트롯데쇼핑이노베이션펀드,롯데벤처스,2022-07-14,30400 
1048,스마트비대면 JB-메가 투자조합,제이비인베스트먼트,2022-09-19,20000 
1049,스마트메디톡스투자조합2호,메디톡스벤처투자,2022-08-31,20000 
1050,스마트안다-오텍캐리어그린뉴딜펀드,안다아시아벤처스,2022-06-10,25350 
1051,데일리 크릭 바이오 헬스케어 펀드,데일리파트너스,2022-12-09,50000 
1052,스마트바이오헬스케어BNH5호투자조합,비엔에이치인베스트먼트,2022-11-04,118500 
1053,스마트트랜스링크벤처투자조합VI,트랜스링크인베스트먼트,2022-12-15,75000 
1054,스마트 케이앤비 부스터 펀드,본엔젤스벤처파트너스,2022-07-08,145000 
1055,우리 2022 스케일업 펀드,우리벤처파트너스,2022-12-13,307600 
1056,케이비 스케일업 2호 펀드,케이비인베스트먼트,2022-11-16,157000 
1057,나우 소부장펀드 1호,나우아이비캐피탈,2022-09-20,28000 
1058,수 하이비젼 엠씨엠 투자조합,수인베스트먼트캐피탈,2022-09-16,16700 
1059,코메스2022-1소재부품장비투자조합,코메스인베스트먼트,2022-07-08,30000 
1060,플래티넘-소재부품장비투자조합,플래티넘기술투자,2022-09-06,31000 
1061,위청년메이트펀드1호,위벤처스,2022-09-06,75300 
1062,대성 투게더 청년창업 투자조합,대성창업투자,2022-09-19,25000 
1063,뮤렉스퍼플3호투자조합,뮤렉스파트너스,2022-08-31,50800 
1064,비에이피제5호 핑크펭귄투자조합,비에이파트너스,2022-07-25,30000 
1065,보광 모험콘텐츠 투자조합,보광인베스트먼트,2022-06-23,12300 
1066,사우스뱅크 디스커버리 콘텐츠 신기술사업투자조합,에스비파트너스,2022-09-16,10000 
1067,이에스9호K콘텐츠펀드,이에스인베스터,2022-06-16,20000 
1068,일신 뉴어드벤쳐 투자조합,일신창업투자,2022-10-05,30000 
1069,지온 NEW-K콘텐츠 투자조합,지온인베스트먼트,2022-09-02,25000 
1070,케이넷-크릿 콘텐츠 투자조합,케이넷투자파트너스,2022-09-27,101500 
1071,피앤아이크루저투자조합,피앤아이인베스트먼트,2022-07-01,10000 
1072,케이앤 문화콘텐츠1호 투자조합,케이앤투자파트너스,2022-08-23,40030 
1073,씨엔티테크 제18호 스포츠 스타트업 투자조합,씨엔티테크,2022-08-31,4500 
1074,와이앤아처 히어로즈 개인투자조합 1호,와이앤아처,2022-08-31,4500 
1075,케이씨케이무비투자조합,케이씨벤처스,2022-09-23,37000 
1076,유니온시네마2호투자조합,유니온투자파트너스,2022-09-20,17500 
1077,아이엠(iM) 스마트관광 벤처펀드,아이엠투자파트너스,2022-08-17,33150 
1078,베이비샤크넥스트웨이브투어펀드,스마트스터디벤처스,2022-12-29,37000 
1079,이에스10호스마트인프라펀드,이에스인베스터,2022-12-02,17000 
1080,티6국토교통혁신조합,티인베스트먼트,2022-12-15,41700 
1081,경북대학교-로우파트너스 대학창업투자조합 1호,경북대학교기술지주,2022-08-10,2000 
1082,대학창업투자조합,벤처박스,2022-08-22,3000 
1083,카이스트 청년창업 부스트 투자조합,카이스트청년창업투자지주,2022-08-26,5500 
1084,부산대대학창업 제3호 개인투자조합,부산대학교기술지주,2022-08-19,3500 
1085,한양대학교 창업엔진 개인투자조합 3호,한양대학교기술지주회사,2022-09-20,5170 
1086,서울대 STH IP창업 개인투자조합,서울대학교기술지주,2023-01-30,5550 
1087,충남대-로우 아이피(IP)기반 창업기업 투자조합,로우파트너스,2022-10-17,5100 
1088,퍼스트게이트 특허창업기업 개인투자조합 2호,퍼스트게이트,2022-10-06,5000 
1089,아이비케이씨-아이디브이 하이테크 투자조합,아이디벤처스,2022-11-04,46000 
1090,스마일게이트녹색성장3호펀드,스마일게이트인베스트먼트,2022-09-20,43000 
1091,마이다스동아-엔브이씨 2022 해양 신산업 투자조합,마이다스동아인베스트먼트,2022-12-27,30000 
1092,2022토니브릿지투자조합,토니인베스트먼트,2022-12-16,30000 
1093,패스파인더 리본 투자조합 2호,패스파인더에이치,2022-12-09,30000 
1094,비엔케이 2022 대한민국 버팀목 벤처투자조합 제2호,비엔케이투자증권,2022-10-06,30000 
1095,나우윈코로나펀드 2호,나우아이비캐피탈,2022-11-10,22000 
1096,이앤벤처5호 W라이징스타투자조합,이앤벤처파트너스,2022-12-09,27000 
1097,키움뉴히어로6호창업초기펀드,키움인베스트먼트,2022-12-29,50400 
1098,엘앤에스 EarlyStageIV ICT 소부장 투자조합,엘앤에스벤처캐피탈,2023-01-11,45000 
1099,데브-혁신솔루션 창업초기 8호,데브시스터즈벤처스,2022-10-31,30000 
1100,엘에스케이 헬스케어 5호 펀드,엘에스케이인베스트먼트,2022-12-23,46000 
1101,우리 2022 스타트업 펀드,우리벤처파트너스,2022-12-13,43500 
1102,타임웍스 원더스 스타트업 벤처펀드,타임웍스인베스트먼트,2022-12-16,27000 
1103,쿼드4호벤처투자조합,쿼드벤처스,2022-09-19,20000 
1104,에스유피(SUP)-유니콘육성투자조합,스케일업파트너스,2022-11-22,27300 
1105,알파원 알파라이징 투자조합,알파원인베스트먼트,2022-12-14,17300 
1106,인포뱅크 창업초기 혁신펀드 1호,인포뱅크,2022-08-08,17500 
1107,뉴패러다임아기유니콘성장제6호개인투자조합,뉴패러다임인베스트먼트,2022-10-05,11600 
1108,단디 하모 스타트업 투자조합 1호,시리즈벤처스,2023-01-04,10000 
1109,에이아이엔젤-씨엔티테크 개인투자조합 2호,씨엔티테크,2022-12-19,5520 
1110,브이에스 경기혁신투자조합,경기창조경제혁신센터,2022-10-21,5100 
1111,인천 혁신 창업 투자조합 제2호,탭엔젤파트너스,2022-09-28,4050 
1112,아산 유스타 개인투자조합,울산창조경제혁신센터,2022-09-02,4000 
1113,포스텍 홀딩스 7호 투자조합,포항공과대학교기술지주,2023-03-15,5000 
1114,카이스트 기술창업 부스트 투자조합,카이스트청년창업투자지주,2023-01-09,10000 
1115,서울대 STH 제6호 개인투자조합,서울대학교기술지주,2022-12-29,5550 
1116,지스타트업(G-Startup) 기술지주 뉴딜펀드,광주지역대학연합기술지주,2022-12-09,3100 
1117,위LP지분유동화펀드1호,위벤처스,2022-12-13,51000 
1118,얼머스 2022 세컨더리 투자조합,얼머스인베스트먼트,2022-12-27,45000 
1119,와이어드 클로버 사모투자합자회사,와이어드 파트너스(주),2023-03-06,21500 
1120,아이스퀘어 충청 엔젤징검다리 조합 1호,에코프로파트너스,2022-10-25,11000 
1121,충청 지역 엔젤 징검다리 조합,충북창조경제혁신센터,2023-03-29,5500 
1122,호남제주권 EK 징검다리 펀드,한국엔젤투자협회,2023-02-02,5000 
1123,와이앤아처 로컬펌프업 투자조합 1호,와이앤아처,2023-01-11,5020 
1124,제이씨에이치-강원대기술지주 지역엔젤 징검다리 펀드,제이씨에이치인베스트먼트,2022-11-04,8370 
1125,스타트업 엔젤 브릿지 투자조합,경남벤처투자,2023-01-18,6150 
1126,부울경 메가 스타트업 징검다리펀드 제1호,엔브이씨파트너스,2023-01-04,5500 
1127,울산 팁스 벤처투자조합,울산창조경제혁신센터,2022-11-16,5000 
1128,일자리 창출 성장지원 펀드 3호,한국벤처투자,2022-10-26,20500 
1129,하이테크 기술개발 사업화 펀드 2호,한국벤처투자,2022-09-20,80900 
1130,웰투시-KVI 아문단펀드 1호,키로스벤처투자,2022-09-20,20000 
1131,보광 DTC 스포츠 투자조합,보광인베스트먼트,2022-09-23,28600 
1132,펜처 중저예산영화전문 투자조합,펜처인베스트,2022-09-08,20100 
1133,대성 메타버스 스케일업 투자조합,대성창업투자,2022-12-09,110000 
1134,씨씨브이씨 ESG 임팩트 펀드 IV,쿨리지코너인베스트먼트,2023-05-04,20000 
1135,비엔케이-코바코 광고·마케팅 투자조합,비엔케이벤처투자,2022-11-29,30000 
1136,아이비케이-스마일게이트ESG펀드1호,스마일게이트인베스트먼트,2022-12-29,20000 
1137,아스트라제3호 사모투자합자회사,다올프라이빗에쿼티 주식회사,2023-07-06,143300 
1138,신한 M&A-ESG 투자조합,신한벤처투자,2023-05-12,60000 
1139,호라이즌유니콘투자조합1호,호라이즌인베스트먼트,2023-04-27,24760 
1140,씨엔티테크 제22호 투자조합,씨엔티테크,2023-02-14,12000 
1141,퓨처플레이 파이오니어펀드 제1호,퓨처플레이,2023-04-25,12400 
1142,제이엑스 4호 투자조합,제이엑스파트너스,2023-04-03,17000 
1143,유안타 K-바이오백신 블록버스터 사모투자합자회사,유안타인베스트먼트,2023-12-28,150000 
1144,뮤렉스웨이브3호벤처투자조합,뮤렉스파트너스,2022-12-29,131600 
1145,유니온기술금융투자조합2호,유니온투자파트너스,2023-07-11,40500 
1146,퀀텀 10호 딥테크펀드,퀀텀벤처스코리아,2023-01-18,54000 
1147,혁신 IP 기술사업화 투자조합,케이그라운드벤처스,2023-06-26,30200 
1148,인탑스 아이피 스케일업펀드,인탑스인베스트먼트,2023-06-30,20000 
1149,바인 넛지 IP기반 지역기업-디지털뉴딜 펀드,바인벤처스,2023-06-20,22800 
1150,연세대학교기술지주 IP펀드,연세대학교기술지주,2023-07-26,30000 
1151,스마트 아이엠엠 살루스 헬스케어 벤처펀드 제2호 ,아이엠엠인베스트먼트,2023-05-23,55500 
1152,스마트 그린뉴딜 SGC 투자조합,에스지씨파트너스,2023-01-04,25000 
1153,스마트대한민국유티씨비대면투자조합,유티씨인베스트먼트,2023-07-03,34000 
1154,스마트 iM 디지털그린 벤처펀드 2호,아이엠투자파트너스,2023-01-05,30000 
1155,전북·강원 지역혁신 벤처펀드,한국벤처투자,2023-03-08,59400 
1156,대구·제주·광주권 지역혁신 벤처펀드,한국벤처투자,2023-01-18,90306 
1157,에이치비딥테크상생투자조합,에이치비인베스트먼트,2023-11-16,36000 
1158,2023토니M&A투자조합,토니인베스트먼트,2023-11-14,35000 
1159,에이벤처스 W 유니콘 투자조합 2호,에이벤처스,2023-12-22,32000 
1160,티7재도약조합,티인베스트먼트,2023-11-23,40500 
1161,아이비케이-케이티청년창업MARS투자조합,케이티인베스트먼트,2023-11-10,64500 
1162,2023 에이스톤 청년창업 투자조합,에이스톤벤처스,2023-11-20,21850 
1163,로간 청년창업투자조합,로간벤처스,2023-11-23,17200 
1164,아이엠(iM) 디지털 제조혁신 벤처펀드,아이엠투자파트너스,2023-10-30,17000 
1165,디브이피소부장스케일업투자조합,대덕벤처파트너스,2023-07-31,17000 
1166,원익 2023 소부장 스타트업 경기 G-펀드,원익투자파트너스,2023-10-17,22000 
1167,크래프톤-코나 아이피 투자조합,코나벤처파트너스,2023-08-09,30000 
1168,가이아K콘텐츠IP투자조합,가이아벤처파트너스,2023-08-09,26070 
1169,케이제이앤케이씨K-콘텐츠IP투자조합,케이제이앤투자파트너스,2023-08-22,30000 
1170,아이비케이 아이디브이 글로벌 콘텐츠 투자조합 2호,아이디벤처스,2023-11-10,30000 
1171,에이티유컬쳐테크엠앤에이사모투자 합자회사,에이티유파트너스,2023-12-07,44000 
1172,나우 K-문화 M&A 투자펀드 1호,나우아이비캐피탈,2023-12-04,33500 
1173,데브-크래프톤 문화투자조합 9호,데브시스터즈벤처스,2023-08-09,30000 
1174,"2023 IBK, 캡스톤 K-유니콘 투자조합",캡스톤파트너스,2023-11-28,32000 
1175,로간 NEW콘텐츠가치평가투자조합,로간벤처스,2023-10-17,17400 
1176,케이제이앤오픈워터K-문화상생투자조합,오픈워터인베스트먼트,2023-11-07,30000 
1177,대교 K-콘텐츠 스케일업 투자조합,대교인베스트먼트,2023-08-11,21510 
1178,케이-문화 글로벌스케일업투자조합,프롤로그벤처스,2023-10-12,28500 
1179,엠아이피(MIP)컬처테크융합투자조합,메이플투자파트너스,2023-11-13,25500 
1180,쏠레어스케일업 영화투자조합 2호,쏠레어파트너스,2023-09-08,21120 
1181,센트럴중저영화레벨업투자조합,센트럴투자파트너스,2023-09-07,20100 
1182,인피니툼스포츠3호펀드,인피니툼파트너스,2023-11-15,18400 
1183,상상스포츠융복합 1호투자조합,상상이비즈,2023-09-05,4000 
1184,씨엔티테크 스포츠출발 제1호 투자조합,씨엔티테크,2023-12-04,4000 
1185,인피니툼관광혁신1호펀드,인피니툼파트너스,2023-11-10,21500 
1186,충남-NCK디지털관광조합,코스넷기술투자,2023-11-21,21500 
1187,어니스트 혁신 모빌리티 투자조합,어니스트벤처스,2023-12-28,27000 
1188,엑스트라마일 임팩트 6호 벤처투자조합,엠와이소셜컴퍼니,2023-11-13,10000 
1189,강원대기술지주강원특별자치도대학창업펀드 제1호,강원대학교기술지주회사,2023-10-13,2800 
1190,고려대 대학창업 제3호 개인투자조합,고려대학교기술지주,2023-09-04,4100 
1191,미래지주 창업투자 제5호 개인투자조합,미래과학기술지주,2023-11-16,4600 
1192,부산대대학창업 제4호 개인투자조합,부산대학교기술지주,2023-09-27,3000 
1193,아이비-비디씨 공공기술사업화 혁신펀드 1호,인포뱅크,2023-10-06,8300 
1194,고려대 딥사이언스 딥테크 벤처투자조합 제1호,고려대학교기술지주,2023-09-19,5050 
1195,메디치 2023-1 뉴스페이스 투자조합,메디치인베스트먼트,2023-09-19,10000 
1196,현대차증권-인프라프론티어 미래환경 신기술조합 1호,현대차증권,2023-10-31,77500 
1197,가이아사회서비스투자조합,가이아벤처파트너스,2023-10-05,14500 
1198,사우스뱅크 디스커버리 콘텐츠 제2호 신기술사업투자조합,에스비파트너스,2023-10-04,30000 
1199,오라클아문단펀드,오라클벤처투자,2024-01-08,20000 
1200,지유딥테크특허투자조합,지유투자,2023-10-12,16750 
1201,아이비케이 디캠프 IP기술사업화 KIAMCO인라이트 펀드,인라이트벤처스,2023-10-12,20000 
1202,지역엔젤투자 재간접펀드,한국벤처투자,2023-09-18,22800 
1203,라구나 스케일업 펀드 제6호,라구나인베스트먼트,2024-02-28,58100 
1204,티에스 15호 스케일업 투자조합,티에스인베스트먼트,2023-12-04,110000 
1205,에스지아이(SGI) AlMighty Secondary 투자조합,삼호그린인베스트먼트,2024-01-25,55000 
1206,얼머스 2024 세컨더리 투자조합,얼머스인베스트먼트,2024-02-28,50000 
1207,신한 Market-Frontier 투자조합 3호,신한벤처투자,2024-05-01,100000 
1208,인터베스트넥스트G-펀드,인터베스트,2023-12-21,55000 
1209,아이비케이-스톤브릿지 라이징 제2호 투자조합 ,스톤브릿지벤처스,2023-10-23,60000 
1210,비에이피제6호 넥스트펭귄투자조합,비에이파트너스,2023-11-03,21000 
1211,비에스케이(BSK) 11호 넥스트 유니콘 투자조합,비에스케이인베스트먼트,2023-12-13,36000 
1212,크로스로드창업초기벤처펀드,크로스로드파트너스,2023-11-15,20050 
1213,제이씨에이치-오라클 스타트업 펀드,제이씨에이치인베스트먼트,2024-01-26,22300 
1214,엑스퀘어드 넥스트 벤처펀드 제3호,엑스퀘어드,2024-01-08,25000 
1215,아주 좋은 초격차 스케일업 펀드,아주아이비투자,2023-12-26,100000 
1216,아이비케이-코오롱 2023 초격차 투자조합,코오롱인베스트먼트,2023-11-29,74000 
1217,에스지아이(SGI) 초격차 프런티어 투자조합,삼호그린인베스트먼트,2023-12-05,40800 
1218,퓨처플레이 혁신성장펀드 제1호,퓨처플레이,2023-12-19,42000 
1219,2023에스초격차지역균형발전투자조합,에스벤처스,2023-11-27,30000 
1220,크로스로드슈퍼갭벤처펀드,크로스로드파트너스,2023-11-16,20050 
1221,티케 딥테크 스케일업 투자조합,티케인베스트먼트,2024-02-27,20508 
1222,뮤어우즈 K-초격차 밸류업 투자조합,뮤어우즈벤처스,2024-03-27,22230 
1223,센트럴K-밸류콘텐츠레벨업투자조합,센트럴투자파트너스,2023-12-04,20100 
1224,비엔케이(BNK)-케이앤 해양신산업 투자조합 제2호,케이앤투자파트너스,2023-11-28,20000 
1225,신한벤처세컨더리일반사모투자신탁제1호,신한자산운용,2024-04-12,38000 
1226,NH 앱솔루트 벤처세컨더리 일반 사모투자신탁,NH헤지자산운용,2024-06-21,40000 
1227,프리미어 IBK KDB K-바이오 백신 투자조합,프리미어파트너스,2023-12-19,156630 
1228,인터밸류6호 특허기술사업화 투자조합,인터밸류파트너스,2024-02-14,21500 
1229,지앤텍명장세컨더리2호투자조합,지앤텍벤처투자,2024-04-17,33500 
1230,오엔 제5호 세컨더리 투자조합,오엔벤처투자,2024-04-08,34000 
1231,오거스트 한국영화르네상스 투자조합,오거스트벤처파트너스,2024-05-03,11820 
1232,피앤아이메타버스M&A투자조합,피앤아이인베스트먼트,2024-09-23,45000 
1233,에스유피(SUP)-3호 벤처투자조합,스케일업파트너스,2024-07-05,27400 
1234,엠에스브이 브랜드 글로벌화 제1호 투자조합,메인스트리트벤처스,2024-07-10,31500 
1235,호라이즌벤처펀드1호,호라이즌인베스트먼트,2024-07-16,22230 
1236,스닉픽 바이오소부장 국산화 투자조합,스닉픽인베스트먼트,2024-08-01,20000 
1237,노틸러스 넥스트 빅씽 투자조합,노틸러스인베스트먼트,2024-09-05,17000 
1238,노보섹 케어테크 벤처투자조합,노보섹인베스트먼트,2024-07-10,20000 
1239,쿼드7호벤처투자조합,쿼드벤처스,2024-07-29,24200 
1240,타임웍스 중년창업 벤처펀드,타임웍스인베스트먼트,2024-07-09,31000 
1241,에코프로 이차전지 벤처투자조합,에코프로파트너스,2024-07-10,30000 
1242,비엠 K-배터리 터프테크 투자조합 1호,비엠벤처스,2024-07-30,15000 
1243,키움뉴히어로8호펀드,키움인베스트먼트,2024-07-03,125000 
1244,아이비케이-위스케일업펀드1호,위벤처스,2024-07-05,67700 
1245,소프트산업육성투자조합,엘에프인베스트먼트,2024-07-17,21000 
1246,카이스트-미스크 더블임팩트 펀드,엠와이소셜컴퍼니,2024-07-29,19250 
1247,마그나 IMPACT 펀드,마그나인베스트먼트,2024-09-05,17200 
1248,비엔케이 2024 대한민국 재도약 벤처투자조합 제3호,비엔케이투자증권,2024-08-05,25500 
1249,바로 피닉스 재도약 투자조합,바로벤처스,2024-07-29,26000 
1250,부산 미래성장 벤처펀드,한국벤처투자,2024-07-15,101100 
1251,창업사업화지원 매칭펀드,한국벤처투자,2024-08-12,8100 
1252,코오롱 2024 청년창업 투자조합,코오롱인베스트먼트,2024-07-30,25000 
1253,에이치비청년미래투자조합,에이치비인베스트먼트,2024-07-30,74600 
1254,이에스11호청년창업펀드,이에스인베스터,2024-08-01,20500 
1255,에버그린투자파트너스5호펀드,에버그린투자파트너스,2024-09-05,30000 
1256,코메스에스앤에스2024투자조합,코메스인베스트먼트,2024-08-01,40000 
1257,알바트로스하이플라이펀드,알바트로스인베스트먼트,2024-09-03,27500 
1258,킹고 테크 임팩트 투자조합,킹고투자파트너스,2024-08-05,21000 
1259,스마일게이트로켓부스터3호,스마일게이트인베스트먼트,2024-08-07,25000 
1260,디케이아이 그로잉 스타 8호 투자조합,대교인베스트먼트,2024-08-27,17000 
1261,에스비아이 소부장 스타 펀드 2호,에스비아이인베스트먼트,2024-08-06,34400 
1262,세마소부장스케일업투자조합,세마인베스트먼트,2024-07-03,30500 
1263,지비-지에스(GB-GS)챌린지 유니버스 제1호 벤처투자조합,대경지역대학공동기술지주,2024-07-09,6000 
1264,부산 유니콘 스타트업 개인투자조합,부산창조경제혁신센터,2024-07-17,3000 
1265,충남혁신 그래비티 창업초기 투자조합,충남창조경제혁신센터,2024-07-23,5130 
1266,케이에스티(KST) 실험실창업 제2호 개인투자조합,한국과학기술지주,2024-08-02,6000 
1267,전북초기투자 크립톤 혁신펀드1호,크립톤,2024-07-29,5000 
1268,광주전남 지역창업초기 개인투자조합,전남대학교기술지주회사,2024-08-28,5000 
1269,유성 유스타 개인투자조합,울산창조경제혁신센터,2024-08-02,3850 
1270,제주 초기스타트업 육성 펀드,엠와이소셜컴퍼니,2024-07-10,3500 
1271,라이콘 스타트업 투자조합,시리즈벤처스,2024-07-13,3000 
1272,와이앤아처 글로컬라이프 투자조합,와이앤아처,2024-08-05,2000 
1273,충남대-로우 라이콘 투자조합 1호,로우파트너스,2024-08-12,5000 
1274,웰컴 라이콘 투자조합,웰컴벤처스,2024-07-16,10000 
1275,롯데홈쇼핑-와디즈 넥스트브랜드 육성펀드,와디즈파트너스,2024-07-10,5000 
1276,미래지주 지역 AC 세컨더리 제1호 벤처투자조합,미래과학기술지주,2024-07-16,8500 
1277,라이징스타 지역AC세컨더리 벤처투자조합,라이징에스벤처스,2024-07-16,10000 
1278,서울투자해양신산업벤처펀드,서울투자파트너스,2024-06-24,21600 
1279,2024 해양신산업 딥테크 투자조합,탭엔젤파트너스,2024-07-05,7000 
1280,언리미티드 K-IP 투자조합,넥스트지인베스트먼트,2024-07-16,51000 
1281,2024 IBK-SBI 문화콘텐츠 펀드,에스비아이인베스트먼트,2024-09-10,60000 
1282,케이씨아이피빌드업투자조합,케이씨벤처스,2024-09-23,50000 
1283,펜처 글로벌콘텐츠 IP 투자조합,펜처인베스트,2024-08-20,50050 
1284,노틱성장M&A사모투자 합자회사,노틱인베스트먼트,2024-05-31,100000 
1285,아이비케이-유니온넥스트유니콘투자조합,유니온투자파트너스,2024-11-01,40000 
1286,베이비샤크넥스트글로벌콘텐츠펀드,스마트스터디벤처스,2024-07-31,38500 
1287,일신 뉴어드벤쳐 2호 투자조합,일신창업투자,2024-11-22,37500 
1288,코나 글로벌 콘텐츠 투자조합,코나벤처파트너스,2024-12-05,37500 
1289,한국투자 글로벌 콘텐츠 투자조합 2호,한국투자파트너스,2024-10-29,40000 
1290,솔트룩스-인라이트 K-컬처 신기술투자펀드,인라이트벤처스,2024-08-13,33400 
1291,현대문화신기술유니콘펀드1호,현대기술투자,2024-08-05,33800 
1292,솔트룩스 한국영화 르네상스 펀드,솔트룩스벤처스,2024-08-07,23300 
1293,펜처 한국영화 메인투자 투자조합,펜처인베스트,2024-08-07,42000 
1294,케이비-키로스 관광벤처조합,키로스벤처투자,2024-10-24,27000 
1295,가이아관광기업육성투자조합,가이아벤처파트너스,2024-12-20,27080 
1296,플랜에이치-엑스플로 그린스마트시티 벤처투자조합,플랜에이치벤처스,2024-12-10,38500 
1297,교보-NBH-알펜루트 스포츠이노베이션 투자조합,NBH캐피탈,2024-08-26,32150 
1298,상상스포츠융복합 2호투자조합,상상이비즈,2024-11-20,5000 
1299,에이씨피스포츠출발조합,에이씨패스파인더,2024-08-29,5000 
1300,일신 파이팅코리아 스포츠투자조합,일신창업투자,2024-11-25,12000 
1301,한림대-로우 대학창업 제1호 개인투자조합,한림대학교기술지주,2024-10-21,2470 
1302,부산대 딥테크 대학창업 제5호 개인투자조합,부산대학교기술지주,2024-10-08,3500 
1303,고려대 대학창업 제4호 개인투자조합,고려대학교기술지주,2024-10-22,4000 
1304,강원대기술지주 강원특별자치도 대학창업펀드 제2호 개인투자조합,강원대학교기술지주회사,2024-09-26,3400 
1305,아이디아이피투자제3호창업벤처전문사모투자 합자회사,인텔렉추얼디스커버리,2025-01-02,22800 
1306,인탑스 SaaS주도 혁신성장펀드,인탑스인베스트먼트,2024-10-08,23000 
1307,현대투자파트너스 디지털혁신 신기술사업투자조합 제2호,현대투자파트너스,2024-09-25,17700 
1308,스타디움 공공기술사업화 1호 펀드,포항공과대학교기술지주,2024-10-16,7500 
1309,브이에스 경기혁신투자조합2호,경기창조경제혁신센터,2024-12-18,6740 
1310,사이버시큐리티 이노베이션 투자조합,엘에프인베스트먼트,2024-10-17,20000 
1311,린 사이버보안 벤처투자조합,린벤처스,2024-11-01,20000 
1312,에이치지이니셔티브 포용적기술 투자조합,에이치지이니셔티브,2024-09-24,7000 
1313,미시간글로벌메타버스투자조합,미시간벤처캐피탈,2024-09-09,50000 
1314,인포뱅크 미래환경 혁신기술 펀드,인포뱅크,2024-08-30,5000 
1315,임팩트 피크닉 투자조합 3호,소풍벤처스,2024-10-17,4300 
1316,2024 에이스톤 미래환경 투자조합,에이스톤벤처스,2024-12-23,22330 
1317,패스파인더 미래환경산업 투자조합,패스파인더에이치,2024-09-05,20000 
1318,디쓰리 미래환경 벤처투자조합 제2호,디쓰리쥬빌리파트너스,2024-09-05,44000 
1319,컴퍼니케이 뉴스페이스펀드,컴퍼니케이파트너스,2024-10-29,12000 
1320,메이슨-메이플콘텐츠M&A세컨더리투자조합,메이플투자파트너스,2025-02-26,34000 
1321,제이비 Innoculture 신기술투자조합,제이비인베스트먼트,2025-02-21,40000 
1322,스타트업코리아 삼천리제1호초격차투자조합,삼천리인베스트먼트,2024-10-29,20000 
1323,스타트업 코리아 IBK-슈미트펀드,슈미트,2024-11-22,15000 
1324,스타트업코리아IBK-스틱테크챔피언펀드,스틱벤처스,2025-01-14,174100 
1325,스타트업 코리아 비전 2024 펀드,신한벤처투자,2025-01-06,37250 
1326,스타트업 코리아 with CKD 2025 펀드,씨케이디창업투자,2025-01-22,20000 
1327,스타트업 코리아 삼성 SBI 초격차 펀드,에스비아이인베스트먼트,2024-11-26,101000 
1328,스타트업 코리아 엘앤에스 글로벌스타Ⅱ 펀드,엘앤에스벤처캐피탈,2025-02-20,32500 
1329,스타트업 코리아 IBK 초격차 KIAMCO인라이트 벤처투자조합,인라이트벤처스,2025-01-09,20500 
1330,스타트업 코리아 IB 초격차 펀드,인포뱅크,2025-03-11,19050 
1331,스타트업 코리아 카카오 코파일럿 펀드,카카오벤처스,2025-03-11,44000 
1332,스타트업 코리아 케이씨 초격차 펀드,케이씨투자파트너스,2024-12-12,17500 
1333,스타트업 코리아 IBKVC-코오롱 2024 펀드,아이비케이벤처투자,2024-11-20,50000 
1334,스타트업 코리아 엔코어 티케이지 1호 펀드,엔코어벤처스,2024-12-17,28500 
1335,스타트업 코리아 패스파인더-IBK 초격차 투자조합,패스파인더에이치,2024-12-23,15000 
1336,스타트업 코리아 IBKVC-FP 2024 펀드,아이비케이벤처투자,2024-11-20,50000 
1337,스타트업 코리아 효성 딥테크 벤처투자조합,효성벤처스,2024-12-20,100000 
1338,스타트업 코리아 IBK-DTNI 세컨더리 펀드,디티앤인베스트먼트,2025-01-06,30000 
1339,스타트업 코리아 IBK 뮤렉스보이저2호투자조합,뮤렉스파트너스,2025-02-24,25000 
1340,스타트업 코리아 케이비 세컨더리 펀드,케이비인베스트먼트,2025-01-06,107500 
1341,아이비케이씨-솔리더스 스마트바이오 투자조합 2호,솔리더스인베스트먼트,2025-05-12,80000 
1342,경남-KDB 지역혁신 벤처펀드,한국벤처투자,2025-01-09,64700 
1343,데브-청년창업 투자조합 10호,데브시스터즈벤처스,2025-05-09,15500 
1344,스타트업코리아센틱스안다전북혁신펀드,안다아시아벤처스,2025-01-06,30000 
1345,넥스트지 인구활력펀드,넥스트지인베스트먼트,2025-05-12,11700 
1346,인구활력 HGI-MYSC 투자조합,에이치지이니셔티브,2025-04-29,10000 
1347,경북·전남 지역혁신 벤처펀드,한국벤처투자,2025-01-14,20604 
1348,나이스-트리거뉴챕터투자조합,나이스투자파트너스,2025-06-05,33400 
1349,엔에이치데일리 바이오헬스 사모투자합자회사,데일리파트너스,2025-10-01,83000 
1350,에스지아이-IBK캐피탈 딥테크 투자조합,삼호그린인베스트먼트,2025-06-27,50000 
1351,포스코딥테크기술금융펀드,포스코기술투자,2025-06-10,62500 
1352,바인 넛지 헤리티지 플러스 펀드,바인벤처스,2025-09-30,20000 
1353,코난 소버린 에이아이 밸류체인 벤처투자조합,코난인베스트먼트,2025-10-17,15500 
1354,에이온 스프린트 벤처펀드,에이온인베스트먼트,2025-08-04,21220 
1355,세이지원혁신유니콘투자조합,세이지원파트너스,2025-08-06,21500 
1356,다성액셀파트너1호조합,다성벤처스,2025-07-14,20000 
1357,지앤피2025-01호벤처투자조합,지앤피인베스트먼트,2025-07-29,20000 
1358,에이오에이 캐즘돌파 투자조합,에이오에이캐피탈파트너스,2025-10-31,17000 
1359,젠티움메드텍투자조합,토러스파트너스,2025-07-30,17000 
1360,오엔 제6호 투자조합,오엔벤처투자,2025-09-25,14000 
1361,비에이피제7호 럭키펭귄투자조합,비에이파트너스,2025-08-22,22500 
1362,비에스케이(BSK) 12호 청년을 위한 청년창업 투자조합,비에스케이인베스트먼트,2025-10-14,30000 
1363,수인베스트먼트 MEGA 투자조합,수인베스트먼트캐피탈,2025-08-07,14300 
1364,초격차 W유니콘 HIP 제6호 벤처투자조합,현대투자파트너스,2025-09-30,23000 
1365,어니스트 EMA 벤처투자조합,어니스트벤처스,2025-08-28,20000 
1366,피앤피 파이오니어 재도약 벤처투자조합,피앤피인베스트먼트,2025-09-17,16000 
1367,동문리스타트업투자조합,동문파트너즈,2025-10-22,16900 
1368,컴퍼니케이 AI퓨처테크펀드,컴퍼니케이파트너스,2025-06-20,122000 
1369,딥테크라이프사이언스BNH6호투자조합,비엔에이치인베스트먼트,2025-10-17,107600 
1370,오상-케이넷 창업초기 투자조합,케이넷투자파트너스,2025-07-22,35500 
1371,에스제이 퍼스트무버 벤처펀드 제3호,에스제이투자파트너스,2025-09-30,51000 
1372,디브이피창업초기투자조합,대덕벤처파트너스,2025-10-13,17000 
1373,엠에스브이 프라임 딥테크 투자조합,메인스트리트벤처스,2025-09-09,27500 
1374,에스유피(SUP)-5호 벤처투자조합,스케일업파트너스,2025-09-30,27800 
1375,2025KIF-WE초기펀드2호,위벤처스,2025-10-14,27400 
1376,뉴패러다임아기유니콘성장제7호개인투자조합,뉴패러다임인베스트먼트,2025-08-08,6400 
1377,2025 딥테크 오픈이노베이션 투자조합,탭엔젤파트너스,2025-10-14,7000 
1378,미리어드 바이오 퀀텀리프 펀드 2호,미리어드파트너스 주식회사,2025-08-01,6000 
1379,광주 딥테크 이노베이션 펀드 1호조합,지스트기술지주,2025-08-18,5390 
1380,스타트업 밸류업 CNVP 3호 개인투자조합,씨앤벤처파트너스,2025-08-22,5000 
1381,엑스트라마일 라이콘 펀드,엠와이소셜컴퍼니,2025-10-15,5500 
1382,크립톤 지역창업생태계 라이콘 펀드,크립톤,2025-10-15,13110 
1383,전북벤처 혁신투자조합 2호,전북창조경제혁신센터,2025-08-11,2000 
1384,아스트라제4호 사모투자합자회사,다올프라이빗에쿼티 주식회사,2025-06-26,449100 
1385,밸류업 펀드,한국벤처투자,2025-07-02,10110 
1386,하이테크 기술개발 사업화 펀드 3호,한국벤처투자,2025-07-29,30400 
1387,스마트 콘텐츠 IP펀드,스마트스터디벤처스,2025-11-28,50500 
1388,에이비즈-디에이 제1호 문화콘텐츠 IP 투자조합,에이비즈파트너스,2025-10-16,50000 
1389,아이비케이-크래프톤 콘텐츠 투자조합,케이넷투자파트너스,2025-09-10,60000 
1390,펜처 케이컬처 문화일반 투자조합,펜처인베스트,2025-10-31,60000 
1391,대교 K-콘텐츠 스케일업 2호 투자조합,대교인베스트먼트,2025-11-04,37500 
1392,가이아넥스트K투자조합,가이아벤처파트너스,2025-07-30,37500 
1393,아이비케이-크릿 글로벌 콘텐츠 투자조합,크릿벤처스,2025-10-15,37500 
1394,미시간콘텐츠디스커버리투자조합,미시간벤처캐피탈,2025-07-28,45000 
1395,라구나 문화신기술 펀드 제7호,라구나인베스트먼트,2025-11-28,40000 
1396,엔에이치-티에스 문화신기술펀드 1호,티에스인베스트먼트,2025-10-15,39750 
1397,글로벌 리그 펀드,한국벤처투자,2025-07-07,40500 
1398,카스피안-U 1호 IP 투자조합,카스피안캐피탈,2025-06-27,20210 
1399,알바트로스K-AI펀드,알바트로스인베스트먼트,2025-12-15,32000 
1400,퀀텀-KIF 12호 AI펀드,퀀텀벤처스코리아,2025-12-18,48500 
1401,스페이스타임-비엔케이 메타버스 투자조합,비엔케이벤처투자,2025-09-09,41000 
1402,인탑스 그린그로스펀드,인탑스인베스트먼트,2025-08-29,22000 
1403,지역 미래신산업 전환 딥테크 파이오니어 벤처투자조합 제1호,유니스트기술지주,2025-08-25,12000 
1404,케이에스티-미래 제2호 공공기술사업화투자조합,미래과학기술지주,2025-10-16,12000 
1405,케이에이치그린테크투자조합,케이에이치벤처파트너스,2025-08-14,19000 
1406,하랑 뉴스페이스신기술투자조합1호,하랑기술투자,2025-09-19,8100 
1407,2024 IBK혁신 케이런 모빌리티 7호 펀드,케이런벤처스,2025-09-09,44000 
1408,인피니툼스포츠5호펀드,인피니툼파트너스,2025-12-29,26000 
1409,오픈워터스포츠테크투자조합,오픈워터인베스트먼트,2025-09-09,10000 
1410,한양대학교 스프린트 벤처투자조합 1호,한양대학교기술지주회사,2025-09-09,4015 
1411,지스타트업 딥테크 대학창업투자조합,지스트기술지주,2025-09-25,2555 
1412,플라이 캠퍼스 대학창업펀드,부산지역대학연합기술지주,2025-09-08,4000 
1413,경북대학교-로우파트너스 대학창업투자조합 2호,경북대학교기술지주,2025-09-26,3100 
1414,국민대-MBV 캠퍼스타운 벤처투자조합,미네타브룩벤처스,2025-10-17,3640 
1415,강원 전략산업 벤처펀드,한국벤처투자,2025-10-17,105600 
1416,부산 혁신 스케일업 벤처펀드,한국벤처투자,2025-10-17,101100 
1417,충남 기업성장 벤처펀드,한국벤처투자,2025-12-03,101100 
1418,엘피 첫걸음 펀드,한국벤처투자,2025-08-29,40500 
1419,스타트업 코리아 IBKVC-SBI 2025 펀드,에스비아이인베스트먼트,2025-11-10,92500 
1420,스타트업 코리아 블루코너 벤처투자조합,블루코너캐피탈,2025-11-17,15000 
1421,스타트업 코리아 에이치 알파플러스 펀드,한일브이씨,2025-11-10,30000 
1422,스타트업 코리아 플럭스 딥테크 펀드,플럭스벤처스,2025-12-22,15050 
1423,스타트업 코리아 케이앤 초격차 펀드,케이앤투자파트너스,2025-12-05,11000 
1424,스타트업코리아 코스맥스 K-BEAUTY 투자조합,하나증권,2025-11-20,20000 
1425,스타트업 코리아 LX-BSK 오픈이노베이션 투자조합,비에스케이인베스트먼트,2025-11-17,25000 
1426,스타트업 코리아 포스코그룹 오픈이노베이션 펀드,포스코기술투자,2025-12-08,25000 
1427,스타트업 코리아 킴코-유안타 초기바이오 제약사연합 펀드,유안타인베스트먼트,2025-11-17,15700 
1428,스타트업코리아 오픈이노베이션 NH-G 펀드,엔에이치벤처투자,2025-11-19,40000 
1429,스타트업 코리아 HGI 데모테크 펀드,에이치지이니셔티브,2025-11-04,30000 
1430,스타트업 코리아 KOLMAR-DTNI K-뷰티 펀드,디티앤인베스트먼트,2025-12-09,20000 
1431,스타트업 코리아 퀀텀세컨더리제2호펀드,퀀텀벤처스코리아,2025-12-09,25600 
1432,스타트업 코리아-KIF 키움뉴히어로9호펀드,키움인베스트먼트,2025-12-18,85000 
1433,스타트업 코리아 제피러스 혁신펀드,제피러스랩,2025-11-05,80000 
1434,케이씨밸류업투자조합,케이씨벤처스,2025-11-28,25000 
1435,이크럭스 애니메이션전문 투자조합,이크럭스벤처파트너스,2025-12-02,20000 
1436,넥스트지 중저예산 한국영화 투자조합,넥스트지인베스트먼트,2025-11-28,21500 
1437,오거스트 케이무비 메인투자조합,오거스트벤처파트너스,2025-12-09,40210 
1438,이에스12호넥스트테크유니콘펀드,이에스인베스터,2025-12-18,26500 
1439,아이디브이 글로벌 넥스트 유니콘 펀드,아이디벤처스,2025-12-17,34500 
1440,알파코리아소버린AI펀드,에스비브이에이,2025-12-17,156600 
1441,에이아이엔젤-씨엔티테크 개인투자조합 3호,씨엔티테크,2025-12-17,3400 
1442,마크 혁신의숲 씨앗펀드 1호,마크앤컴퍼니,2025-12-15,5400 
1443,2025 IBK-JB Innoculture 신기술투자조합 2호,제이비인베스트먼트,2025-12-26,34000 
1444,에이씨피스포츠산업조합,에이씨패스파인더,2025-11-28,10000 
1445,케이씨케이무비투자조합2호,케이씨벤처스,2025-12-18,20100 
1446,에이벤처스 AX 유니콘 투자조합,에이벤처스,2025-12-24,56500 
