금융기관명(FINE),이름패턴 분류,모태자조합 보유,모태자조합 수,KVCA 회원
포티스인베스트먼트 주식회사,기업계·기타,False,0,False
㈜케이앤티인베스트먼트,기업계·기타,False,0,False
주식회사 라데팡스인베스트먼트,기업계·기타,False,0,False
주식회사 엘에이피파트너스,기업계·기타,False,0,False
주식회사 블루캐스트인베스트먼트,기업계·기타,False,0,True
유아이엘인베스트먼트㈜,기업계·기타,False,0,False
㈜팍스톤인베스트먼트,기업계·기타,False,0,False
주식회사 엔엑스브이피,기타,False,0,False
주식회사 쏠리드엑스,기타,False,0,False
주식회사 더웨이브캐피탈,캐피탈·카드·은행 겸업,False,0,False
주식회사 퍼시픽캐피탈,캐피탈·카드·은행 겸업,False,0,False
대전투자금융㈜,기업계·기타,False,0,True
대아인베스트먼트㈜,기업계·기타,False,0,False
수성에셋인베스트먼트㈜,기업계·기타,False,0,False
호라이즌아이엠㈜,기타,False,0,False
부국캐피탈(주),캐피탈·카드·은행 겸업,False,0,False
주식회사 제이케이벤처스,기업계·기타,False,0,False
(주)스페이스타임인베스트먼트,기업계·기타,False,0,False
디에스투자파트너스(주),기업계·기타,False,0,False
(주)세아기술투자,기업계·기타,False,0,True
(주)에스제이지파트너스,기업계·기타,False,0,False
㈜엘에프인베스트먼트,기업계·기타,True,2,False
㈜케이씨투자파트너스,기업계·기타,True,1,False
㈜에스비아이캐피탈,캐피탈·카드·은행 겸업,False,0,True
펜타스톤인베스트먼트㈜,기업계·기타,False,0,False
에스앤에스인베스트먼트㈜,기업계·기타,False,0,True
㈜리인베스트먼트,기업계·기타,False,0,True
㈜브레이브뉴인베스트먼트,기업계·기타,False,0,False
㈜바로벤처스,기업계·기타,True,1,False
인바이츠벤처스㈜,기업계·기타,True,1,False
㈜토니인베스트먼트,기업계·기타,True,5,True
㈜리젠트파트너스,기업계·기타,False,0,True
㈜에스더블유인베스트먼트,기업계·기타,False,0,False
엔에이치벤처투자㈜,기업계·기타,False,0,True
하랑기술투자㈜,기업계·기타,True,1,False
㈜펄어비스캐피탈,캐피탈·카드·은행 겸업,False,0,False
㈜큐더스벤처스,기업계·기타,False,0,False
한일브이씨㈜,기타,False,0,False
티케이지벤처스㈜,기업계·기타,False,0,False
㈜에이티넘벤처스,기업계·기타,False,0,False
엑스플로인베스트먼트㈜,기업계·기타,False,0,True
㈜타임폴리오캐피탈,캐피탈·카드·은행 겸업,False,0,False
효성벤처스㈜,기업계·기타,True,1,True
에이에프더블유파트너스㈜,기업계·기타,False,0,True
㈜제이에스지인베스트먼트,기업계·기타,False,0,False
카스피안캐피탈㈜,캐피탈·카드·은행 겸업,True,1,True
㈜엔피엑스인베스트먼트,기업계·기타,False,0,False
프롤로그벤처스㈜,기업계·기타,True,1,True
㈜에프앤에프파트너스,기업계·기타,False,0,False
스카이투자파트너스㈜,기업계·기타,False,0,True
㈜지에스벤처스,기업계·기타,False,0,True
서울신기술투자㈜,기업계·기타,False,0,False
에볼루션인베스트먼트㈜,기업계·기타,False,0,False
케이와이캐피탈㈜,캐피탈·카드·은행 겸업,False,0,False
주식회사 엘케이투자파트너스,기업계·기타,False,0,False
동원기술투자㈜,기업계·기타,False,0,False
엠더블유앤컴퍼니㈜,기타,False,0,False
㈜아펙스인베스트먼트,기업계·기타,False,0,False
주식회사 푸른인베스트먼트,기업계·기타,False,0,False
㈜로프티록인베스트먼트,기업계·기타,False,0,False
㈜브릿지인베스트먼트,기업계·기타,False,0,False
청담인베스트먼트㈜,기업계·기타,False,0,False
㈜시리우스인베스트먼트,기업계·기타,False,0,False
천보인베스트먼트㈜,기업계·기타,False,0,False
㈜빌랑스인베스트먼트,기업계·기타,False,0,False
제이더블유앤컴퍼니㈜,기타,False,0,False
티더블유지에프파트너스㈜,기업계·기타,False,0,True
동국인베스트먼트(주),기업계·기타,False,0,False
(주)더블캐피탈,캐피탈·카드·은행 겸업,False,0,False
피움인베스트먼트㈜,기업계·기타,False,0,False
피에스인베스트먼트㈜,기업계·기타,False,0,False
㈜티쓰리벤처스,기업계·기타,False,0,False
㈜더네이쳐홀딩스인베스트먼트,기업계·기타,False,0,False
㈜아이비케이벤처투자,기업계·기타,True,2,True
㈜제이와이피파트너스,기업계·기타,False,0,True
㈜에스제이엠인베스트먼트,기업계·기타,False,0,False
주식회사원티드랩파트너스,기업계·기타,False,0,False
㈜두산인베스트먼트,기업계·기타,False,0,False
㈜삼천리인베스트먼트,기업계·기타,True,1,False
㈜엘엑스벤처스,기업계·기타,False,0,False
㈜에이피투자금융,기업계·기타,False,0,False
㈜뉴메인캐피탈,캐피탈·카드·은행 겸업,False,0,False
하나에스앤비인베스트먼트㈜,기업계·기타,False,0,False
㈜제이스이노베이션파트너스,기업계·기타,False,0,True
티그리스인베스트먼트㈜,기업계·기타,False,0,False
㈜솔론인베스트,기업계·기타,False,0,False
㈜케이클라비스인베스트먼트,기업계·기타,True,1,False
㈜케이티인베스트먼트,기업계·기타,True,4,True
시너지아이비투자㈜,기업계·기타,True,3,False
㈜엔베스터,기타,False,0,True
코리아오메가투자금융㈜,기업계·기타,False,0,False
㈜위드윈인베스트먼트,기업계·기타,False,0,False
㈜유비쿼스인베스트먼트,기업계·기타,False,0,False
㈜이앤인베스트먼트,기업계·기타,True,3,False
㈜제니타스인베스트먼트,기업계·기타,False,0,False
제이비인베스트먼트㈜,기업계·기타,True,7,True
한빛인베스트먼트㈜,기업계·기타,True,1,False
㈜농심캐피탈,캐피탈·카드·은행 겸업,False,0,False
큐캐피탈파트너스㈜,캐피탈·카드·은행 겸업,True,2,True
삼성벤처투자㈜,기업계·기타,False,0,True
미래에셋캐피탈㈜,캐피탈·카드·은행 겸업,False,0,False
아주아이비투자㈜,기업계·기타,True,10,True
나우아이비캐피탈㈜,캐피탈·카드·은행 겸업,True,8,True
에이스투자금융㈜,기업계·기타,False,0,False
㈜위업기술투자,기업계·기타,False,0,True
케이디인베스트먼트㈜,기업계·기타,False,0,False
레이크우드파트너스㈜,기업계·기타,False,0,False
브이에스인베스트먼트㈜,기업계·기타,False,0,False
㈜유일기술투자,기업계·기타,False,0,False
㈜이스트게이트인베스트먼트,기업계·기타,False,0,False
코나아이파트너스㈜,기업계·기타,False,0,False
㈜하나벤처스,기업계·기타,True,3,True
키움캐피탈㈜,캐피탈·카드·은행 겸업,False,0,False
㈜얼머스인베스트먼트,기업계·기타,True,3,True
케이기술투자㈜,기업계·기타,False,0,False
나이스투자파트너스㈜,기업계·기타,True,2,True
포스코기술투자㈜,기업계·기타,True,12,True
우리기술투자㈜,기업계·기타,True,2,False
㈜아이비케이캐피탈,캐피탈·카드·은행 겸업,True,4,True
동유기술투자㈜,기업계·기타,False,0,False
㈜엔코어벤처스,기업계·기타,True,1,False
인탑스인베스트먼트㈜,기업계·기타,True,3,False
프렌드투자파트너스㈜,기업계·기타,False,0,False
아르케인베스트먼트㈜,기업계·기타,False,0,False
㈜에스비파트너스,기업계·기타,True,3,False
㈜디비기술투자,기업계·기타,False,0,False
㈜킹고투자파트너스,기업계·기타,True,2,False
롯데벤처스㈜,기업계·기타,True,2,True
에스티캐피탈㈜,캐피탈·카드·은행 겸업,False,0,False
현대투자파트너스㈜,기업계·기타,True,3,True
㈜코너스톤투자파트너스,기업계·기타,False,0,False
㈜디에이밸류인베스트먼트,기업계·기타,True,1,True
㈜와이지인베스트먼트,기업계·기타,False,0,False
㈜수앤파이낸셜인베스트먼트,캐피탈·카드·은행 겸업,False,0,False
미래에쿼티파트너스㈜,기업계·기타,True,1,False
제이원캐피탈인베스트㈜,캐피탈·카드·은행 겸업,False,0,False
㈜지엠아이벤처,기타,False,0,True
㈜액시스인베스트먼트,기업계·기타,False,0,False
㈜옐로우독,기타,False,0,False
